Activity Id,Date,Type,Route Name,Distance (km),Duration,Average Pace,Average Speed (km/h),Calories Burned,Climb (m),Average Heart Rate (bpm),Friend's Tagged,Notes,GPX File
bdb26c9a-8245-4b7c-b207-ff31fe09e98d,2019-06-25 07:34:44,Running,,3.81,25:23,6:39,9.01,285.0,85,,"","",2019-06-25-073444.gpx
f45cbd4d-fd22-40c2-9d84-098d06c6eb95,2019-06-24 07:33:12,Running,,2.21,12:52,5:50,10.29,166.0,40,,"","",2019-06-24-073312.gpx
b9c3d6f0-6aff-41e9-8099-542e2f9dca0b,2019-06-23 15:32:53,Running,,1.71,9:30,5:34,10.79,130.0,34,,"","",2019-06-23-153253.gpx
89ad5b6e-8179-43c4-876f-a235aaf86dc8,2019-06-22 09:30:51,Running,,2.08,10:29,5:03,11.89,153.0,28,,"","",2019-06-22-093051.gpx
fc7a0ee0-4841-4a1f-85ad-5ff8624fc0ac,2019-06-21 15:55:01,Running,,2.92,16:03,5:30,10.91,214.0,36,,"","",2019-06-21-155501.gpx
40ef4d0c-1325-443f-a6d7-f1e68d955590,2019-06-20 10:10:17,Running,,4.12,20:49,5:03,11.89,302.0,43,,"","",2019-06-20-101017.gpx
45eee75a-da2d-4e27-9bf1-e9255bae90d9,2019-06-19 09:59:59,Running,,4.08,20:37,5:03,11.86,298.0,46,,"","",2019-06-19-095959.gpx
502e3b8a-310a-449d-9888-dbeafacb3b3a,2019-06-18 08:37:15,Running,,1.94,10:05,5:11,11.56,141.0,24,,"","",2019-06-18-083715.gpx
5e7c8e2e-745c-488f-914d-e59867833268,2019-06-17 10:11:56,Running,,4.17,21:11,5:05,11.81,305.0,46,,"","",2019-06-17-101156.gpx
fd8198ac-87cc-4bfc-8ac4-1c09ec1e83f3,2019-06-16 08:54:25,Running,,1.97,9:58,5:04,11.85,143.0,23,,"","",2019-06-16-085425.gpx
de61ccc8-a8ef-4ddc-97e9-335180f15719,2019-06-15 09:04:37,Running,,4.23,21:14,5:01,11.95,308.0,45,,"","",2019-06-15-090437.gpx
8b1a03f6-2170-4f72-8175-01cfee57e497,2019-06-14 10:16:29,Running,,4.18,20:56,5:00,11.99,307.0,46,,"","",2019-06-14-101629.gpx
40528025-e741-4a55-953a-16ee190404ba,2019-06-13 09:58:42,Running,,1.95,10:23,5:20,11.25,142.0,24,,"","",2019-06-13-095842.gpx
538ccaba-94ae-418d-aa2f-184fc8b53e22,2019-06-12 08:50:44,Running,,4.18,21:36,5:10,11.62,304.0,45,,"","",2019-06-12-085044.gpx
27be55ca-bbec-4aa5-9aae-a201e52a795f,2019-06-11 09:03:30,Running,,2.93,15:02,5:08,11.69,214.0,34,,"","",2019-06-11-090330.gpx
59c8ba22-3033-49cf-a7b1-8e103635f72c,2019-06-10 10:24:55,Running,,2.95,15:31,5:15,11.41,217.0,38,,"","",2019-06-10-102455.gpx
93f8be00-fda8-4554-a4d7-f30fba3e464d,2019-06-09 08:53:08,Running,,2.91,14:40,5:03,11.89,211.0,32,,"","",2019-06-09-085308.gpx
c2bbe6fb-21da-4a3d-8d35-bf87326cd6e2,2019-06-08 08:17:20,Running,,2.95,14:05,4:47,12.55,213.0,34,,"","",2019-06-08-081720.gpx
ed91c524-9776-4908-a1cd-7b4db9cef211,2019-06-07 09:31:41,Running,,2.95,14:47,5:01,11.96,216.0,35,,"","",2019-06-07-093141.gpx
ef3ccbfc-3a29-4d8e-95f7-b3e893fee4dd,2019-06-06 09:52:04,Running,,4.20,19:58,4:45,12.62,308.0,47,,"","",2019-06-06-095204.gpx
54cdcf18-9f42-4346-9596-a20159e91d68,2019-06-05 09:47:14,Running,,4.17,22:52,5:29,10.95,305.0,45,,"","",2019-06-05-094714.gpx
b18bd0e1-6783-4fbc-b98c-498e361e0a47,2019-06-04 09:02:32,Running,,2.42,12:17,5:04,11.84,176.0,29,,"","",2019-06-04-090232.gpx
46abae76-d575-483b-9a5e-153c6d2decc5,2019-06-03 12:21:38,Running,,1.98,10:32,5:20,11.25,143.0,24,,"","",2019-06-03-122138.gpx
668889cf-17b7-465f-b125-40f5755a8999,2019-06-02 09:28:55,Running,,4.16,23:01,5:32,10.85,302.0,44,,"","",2019-06-02-092855.gpx
8cc8d9ed-5efb-47f5-b842-82f08371507a,2019-06-01 09:20:47,Running,,4.93,25:20,5:08,11.68,357.0,47,,"","",2019-06-01-092047.gpx
e48ebeff-96cf-4339-aede-d945449da9af,2019-05-31 10:10:47,Running,,2.01,11:00,5:28,10.98,147.0,25,,"","",2019-05-31-101047.gpx
b84848e8-caf2-41b7-8fc1-5d8bcfcaafdc,2019-05-30 09:57:45,Running,,4.13,22:30,5:27,11.02,302.0,46,,"","",2019-05-30-095745.gpx
8d7c97f1-992f-4a95-8317-88c3d1be67eb,2019-05-29 10:16:35,Running,,4.20,22:12,5:17,11.36,307.0,46,,"","",2019-05-29-101635.gpx
cb1ff0a9-ad9e-4c7d-8cfc-73caa712bb3f,2019-05-28 08:34:25,Running,,4.18,21:10,5:04,11.85,307.0,46,,"","",2019-05-28-083425.gpx
ef4ce6b3-720e-4563-bf06-67a47726d573,2019-05-27 10:17:41,Running,,4.95,25:30,5:09,11.65,362.0,50,,"","",2019-05-27-101741.gpx
ee65e532-05b7-44f2-9709-6523ad37aa38,2019-05-26 09:33:07,Running,,4.97,25:11,5:04,11.84,362.0,50,,"","",2019-05-26-093307.gpx
7553797c-8e61-4753-87d1-38d1b05557df,2019-05-25 10:15:45,Running,,1.96,9:05,4:37,12.97,141.0,23,,"","",2019-05-25-101545.gpx
e9231d49-8998-4bca-9bdc-17c62f0eb63d,2019-05-24 09:27:07,Running,,2.95,14:46,5:01,11.97,215.0,34,,"","",2019-05-24-092707.gpx
8cd0c2ee-d9a0-4f7f-b682-d9a9d57c9fdc,2019-05-23 10:20:22,Running,,4.12,22:10,5:23,11.16,301.0,43,,"","",2019-05-23-102022.gpx
8f495f7c-eb47-48a9-9bcd-04935e2b400e,2019-05-22 09:54:12,Running,,8.88,51:21,5:47,10.37,670.0,179,,"","",2019-05-22-095412.gpx
1107d004-7aa7-44d4-9475-1c131ce9cfc8,2019-05-21 09:01:45,Running,,4.17,19:36,4:42,12.76,301.0,42,,"","",2019-05-21-090145.gpx
77e9f74d-3da7-4882-ba4f-baa243dfa64f,2019-05-20 09:18:40,Running,,4.14,20:54,5:03,11.88,302.0,44,,"","",2019-05-20-091840.gpx
51d16cd8-778e-4ee3-b3a5-5f005c5ba098,2019-05-19 09:23:36,Running,,8.02,41:48,5:13,11.52,601.0,180,,"","",2019-05-19-092336.gpx
bdace063-8234-4a67-856c-9de1203afac6,2019-05-18 08:48:33,Running,,2.95,14:02,4:46,12.60,216.0,34,,"","",2019-05-18-084833.gpx
f5a0c551-7467-44a8-857f-76f25bcea5d0,2019-05-17 08:02:07,Running,,2.94,13:50,4:42,12.76,212.0,32,,"","",2019-05-17-080207.gpx
d356ec6a-5d92-42b4-a756-7f822e0f5aac,2019-05-16 16:50:34,Running,,2.96,13:53,4:41,12.81,217.0,34,,"","",2019-05-16-165034.gpx
76b6ec8c-262d-468c-9538-9ead325d1139,2019-05-15 07:59:53,Running,,3.66,20:12,5:31,10.86,282.0,87,,"","",2019-05-15-075953.gpx
1b39d67d-8e72-49ea-b0dd-f9176147b2de,2019-05-14 08:35:59,Running,,1.81,9:34,5:17,11.35,131.0,36,,"","",
31888518-375b-4621-8a13-3260aaaca03a,2019-05-13 07:54:04,Running,,2.85,15:07,5:19,11.30,218.0,55,,"","",2019-05-13-075404.gpx
3e0c19bb-d3b3-4dd7-a543-a7fd61e21d2c,2019-05-12 08:31:05,Running,,7.50,43:39,5:49,10.31,577.0,184,,"","",2019-05-12-083105.gpx
b918a144-1c24-4ee5-830b-50bf5404c302,2019-05-11 07:12:44,Running,,1.69,11:46,6:58,8.61,134.0,49,,"","",2019-05-11-071244.gpx
49d074dc-b0ac-46fe-81ff-d5428efcbb84,2019-05-10 08:05:52,Running,,4.50,23:46,5:17,11.36,326.0,19,,"","Forgot to stop activity when I got home",
1038666c-0712-4fb2-917f-6c432b132db3,2019-05-09 08:01:48,Running,,4.08,21:09,5:11,11.58,289.0,19,,"","",2019-05-09-080148.gpx
936c952e-e332-4c0b-97b4-3b703645c64a,2019-05-08 06:56:39,Running,,8.32,42:46,5:08,11.67,598.0,65,,"","",2019-05-08-065639.gpx
4e7d8d3d-1f27-4dcd-af96-ceebff8d9fe6,2019-05-07 08:20:09,Running,,4.12,21:00,5:06,11.77,286.0,19,,"","",2019-05-07-082009.gpx
c9c87845-9bde-444d-a6df-2c6971495b49,2019-05-06 08:06:31,Running,,8.27,43:14,5:14,11.48,597.0,65,,"","",2019-05-06-080631.gpx
717bfed5-78ae-4629-8c22-ce1b1a5edd6a,2019-05-05 06:57:49,Running,,4.12,20:29,4:58,12.07,293.0,18,,"","",2019-05-05-065749.gpx
370c1a51-676b-40d8-bf14-bf81cbd8592f,2019-05-04 09:41:40,Running,,4.09,21:22,5:14,11.48,289.0,22,,"","",2019-05-04-094140.gpx
dbd5b481-2ff8-4b6a-a1f0-ff9ad0986144,2019-05-03 07:58:21,Running,,4.08,22:11,5:27,11.02,287.0,18,,"","",2019-05-03-075821.gpx
be3d9198-5bfc-442e-a325-241461931cae,2019-05-02 08:42:21,Running,,5.62,28:38,5:06,11.77,402.0,44,,"","",2019-05-02-084221.gpx
d2ed32cb-ce11-4b3e-90f7-3a4f23c5c51d,2019-05-01 06:18:18,Running,,1.99,9:41,4:51,12.36,146.0,24,,"","",2019-05-01-061818.gpx
2c88ea7a-11d3-4168-a018-c3e6f6bd75b3,2019-04-30 08:34:23,Running,,4.00,20:06,5:02,11.94,292.0,44,,"","",2019-04-30-083423.gpx
3b1b289b-c342-4ed2-a639-7d5bb1f1a60c,2019-04-29 08:45:38,Running,,2.95,14:49,5:02,11.93,216.0,32,,"","",2019-04-29-084538.gpx
997dc2ab-5ceb-4be1-8346-59c8375e67fd,2019-04-28 09:09:18,Running,,2.94,15:19,5:13,11.51,213.0,33,,"","",2019-04-28-090918.gpx
589539d6-bfce-4ea7-851a-c6b9f72301a6,2019-04-27 07:56:23,Running,,4.21,20:39,4:54,12.24,307.0,45,,"","",2019-04-27-075623.gpx
795cb46e-b12d-4eca-b61f-69fe1bb9a283,2019-04-26 08:11:07,Running,,4.00,19:01,4:45,12.61,290.0,43,,"","",2019-04-26-081107.gpx
aa60e268-958b-42a4-bf8e-8df36b78fccf,2019-04-25 08:43:29,Running,,4.16,20:29,4:56,12.17,299.0,43,,"","",2019-04-25-084329.gpx
de3c35e8-59ce-42b6-9ca7-516bc61d3721,2019-04-24 08:32:32,Running,,4.16,20:29,4:55,12.19,300.0,43,,"","",2019-04-24-083232.gpx
62443c27-be38-47ba-b613-51a4986f8500,2019-04-23 08:25:33,Running,,3.97,20:57,5:17,11.37,288.0,44,,"","",2019-04-23-082533.gpx
cbba4c3c-dcbd-4dae-9a8a-b582acfb4a60,2019-04-22 08:49:37,Running,,2.98,14:40,4:56,12.18,213.0,32,,"","",2019-04-22-084937.gpx
82d93e80-83c0-4e82-878c-3aeee092935c,2019-04-21 10:10:19,Running,,4.96,24:09,4:52,12.32,361.0,48,,"","",2019-04-21-101019.gpx
1a4ff143-5246-43cf-9ecb-4588db570cc5,2019-04-20 10:48:55,Running,,2.96,14:00,4:44,12.68,213.0,36,,"","",2019-04-20-104855.gpx
bb3b14b3-347a-4320-9ee3-317c8397b0b8,2019-04-19 08:52:02,Running,,3.99,19:29,4:53,12.30,286.0,43,,"","",2019-04-19-085202.gpx
76c4bb67-da5d-4a71-a002-7ae1f57517ef,2019-04-18 09:21:41,Running,,2.94,14:09,4:49,12.47,213.0,34,,"","",2019-04-18-092141.gpx
25fc02c0-131f-4258-9d17-6dee8f4ee712,2019-04-17 08:34:30,Running,,3.96,19:14,4:52,12.35,290.0,43,,"","",2019-04-17-083430.gpx
6dbd33fb-13fb-4008-af6c-7900d74f484e,2019-04-16 08:12:42,Running,,1.97,9:43,4:56,12.18,144.0,23,,"","",2019-04-16-081242.gpx
079ff26d-e502-485b-9c68-8561f491ad5b,2019-04-15 08:07:50,Running,,4.16,20:46,4:59,12.03,305.0,42,,"","",2019-04-15-080750.gpx
2c75a9ba-672e-45fb-bc3d-b7ec3840737f,2019-04-14 09:22:05,Running,,4.96,25:07,5:04,11.86,360.0,50,,"","",2019-04-14-092205.gpx
4de2f89c-f6dc-4a5c-b2a4-fe86444dd8e3,2019-04-13 10:05:43,Running,,1.98,10:11,5:08,11.68,145.0,25,,"","",2019-04-13-100543.gpx
27d46246-b898-48f7-ae16-6285e6f6d9eb,2019-04-12 08:08:32,Running,,4.16,20:32,4:56,12.15,302.0,44,,"","",2019-04-12-080832.gpx
58b0fc3c-6f76-41ac-a2d9-338a361faf10,2019-04-11 08:38:30,Running,,1.95,9:47,5:00,11.98,143.0,22,,"","",2019-04-11-083830.gpx
fb0f75d8-036d-4e22-87ad-367c275a3775,2019-04-10 08:52:28,Running,,4.17,20:06,4:49,12.44,304.0,43,,"","",2019-04-10-085228.gpx
e76d0aa5-2ce6-4df5-acd0-8bf2d9049975,2019-04-09 08:22:28,Running,,3.95,18:47,4:46,12.60,286.0,44,,"","",2019-04-09-082228.gpx
1bce7e8e-7ec9-4db1-a18d-6a31bbcf753f,2019-04-08 21:48:25,Running,,2.01,10:48,5:22,11.16,144.0,24,,"","",2019-04-08-214825.gpx
a6e490fd-5e72-4fd1-88d7-416ae957dfa1,2019-04-07 15:44:46,Running,,2.49,12:55,5:12,11.55,189.0,45,,"","",2019-04-07-154446.gpx
656cbce6-12d6-4c86-809e-62f4fa7c16e1,2019-04-06 20:08:30,Running,,1.98,10:27,5:16,11.38,150.0,37,,"","",2019-04-06-200830.gpx
9d79262f-6241-43c9-9e0a-081ed1bfb8b6,2019-04-05 04:39:23,Running,,2.01,9:22,4:39,12.91,150.0,29,,"","",2019-04-05-043923.gpx
e837d1a8-b9bf-41d3-9294-022f22a08cdf,2019-04-04 06:18:08,Running,,2.04,9:56,4:52,12.34,149.0,24,,"","",2019-04-04-061808.gpx
ebbfab36-0ffd-40ac-8d14-d12de53c4239,2019-04-03 08:15:34,Running,,4.46,22:54,5:08,11.69,328.0,47,,"","",2019-04-03-081534.gpx
f5ea5fa2-27cd-4541-b01b-2e79c654f71e,2019-04-02 08:26:08,Running,,4.93,24:20,4:56,12.15,358.0,49,,"","",2019-04-02-082608.gpx
d204e1e0-0849-476c-9aaa-9827bb6b3cb9,2019-04-01 08:37:08,Running,,1.99,9:10,4:36,13.02,145.0,24,,"","",2019-04-01-083708.gpx
833e821c-7f56-4ca8-b2e4-ab3373ccf09e,2019-03-31 09:39:41,Running,,9.20,48:05,5:14,11.48,681.0,116,,"","",2019-03-31-093941.gpx
152410b2-9dc4-451d-9655-93cd84171de7,2019-03-30 10:53:15,Running,,3.00,13:49,4:36,13.04,216.0,32,,"","",2019-03-30-105315.gpx
539a7622-7ebf-445f-a0fc-ea3f7befaf21,2019-03-29 08:26:49,Running,,3.98,18:47,4:43,12.71,289.0,43,,"","",2019-03-29-082649.gpx
2cafedfd-d4a6-4fbc-9eab-f166e7d77ffc,2019-03-28 09:07:16,Running,,3.84,18:37,4:51,12.36,282.0,43,,"","",2019-03-28-090716.gpx
52436341-3a4e-4949-b788-a760e2cbfe46,2019-03-27 08:53:01,Running,,4.09,19:25,4:45,12.62,297.0,44,,"","",2019-03-27-085301.gpx
d6c19ecf-4536-452b-abe2-cd6d141126bb,2019-03-26 08:51:00,Running,,4.99,24:12,4:51,12.37,362.0,50,,"","",2019-03-26-085100.gpx
6ab76c5b-275f-4886-88a7-b25548c8c470,2019-03-25 08:25:25,Running,,2.00,9:53,4:56,12.17,146.0,24,,"","",2019-03-25-082525.gpx
61c9a2bf-b8e2-42d3-a7ea-e1642ce3ac2a,2019-03-24 08:56:20,Running,,2.26,10:44,4:45,12.61,163.0,12,,"","",2019-03-24-085620.gpx
b7771c51-b777-4abb-b141-a218470a66d6,2019-03-23 08:57:42,Running,,2.22,11:04,5:00,12.01,159.0,13,,"","",2019-03-23-085742.gpx
21dd0865-f623-4aa8-8864-e2843024e81c,2019-03-22 08:55:16,Running,,2.95,14:27,4:54,12.26,214.0,34,,"","",2019-03-22-085516.gpx
fc6bbeda-c05b-4def-9b46-8a56f1c66720,2019-03-21 08:53:51,Running,,2.05,10:04,4:55,12.21,149.0,25,,"","",2019-03-21-085351.gpx
2d81d900-2c9a-48ea-a4ac-a189e2738e2d,2019-03-20 08:52:36,Running,,2.04,10:34,5:11,11.56,149.0,25,,"","",2019-03-20-085236.gpx
2112c0b6-0be1-4a28-99a8-314540fe70dc,2019-03-19 08:41:24,Running,,2.02,10:27,5:11,11.58,147.0,26,,"","",2019-03-19-084124.gpx
8ba43696-6783-4e6d-a5db-cefd77023056,2019-03-18 08:29:14,Running,,2.02,10:02,4:58,12.07,148.0,23,,"","",2019-03-18-082914.gpx
7b8259ba-460e-41df-9379-ca3e263842d2,2019-03-17 11:04:37,Running,,3.98,18:57,4:46,12.59,288.0,43,,"","",2019-03-17-110437.gpx
e01191ea-90f1-40bd-820b-fbdb449979ee,2019-03-16 08:14:05,Running,,2.96,14:24,4:52,12.32,217.0,35,,"","",2019-03-16-081405.gpx
7c26b396-4015-4a40-9a0e-6e0d710cfcb5,2019-03-15 07:53:48,Running,,2.03,9:45,4:49,12.47,147.0,25,,"","",2019-03-15-075348.gpx
2fd3d81f-8deb-4147-92d8-7e96aec5e345,2019-03-14 09:09:03,Running,,2.02,9:59,4:57,12.13,148.0,25,,"","",2019-03-14-090903.gpx
12069cfd-c6d9-4fef-8070-41f69e2fed5d,2019-03-13 08:31:58,Running,,2.48,12:05,4:52,12.31,180.0,30,,"","",2019-03-13-083158.gpx
9fd9d282-1b28-4676-81f1-0ba2b003d2b9,2019-03-12 08:20:08,Running,,2.05,10:05,4:56,12.18,148.0,26,,"","",2019-03-12-082008.gpx
b783deff-bc56-4d55-bd5c-da497d202d54,2019-03-11 08:54:07,Running,,2.09,9:56,4:46,12.60,152.0,27,,"","",2019-03-11-085407.gpx
fef16d59-78e2-4c42-9e2a-948ee09d2264,2019-03-10 10:51:16,Running,,2.00,9:23,4:42,12.78,145.0,24,,"","",2019-03-10-105116.gpx
6f0eecf5-cdec-434e-bf72-cb88804ddc3b,2019-03-09 10:12:40,Running,,2.02,9:26,4:41,12.83,145.0,24,,"","",2019-03-09-101240.gpx
85990da9-e415-4a4e-ade4-f1da0e2db50e,2019-03-08 08:05:54,Running,,1.99,9:54,4:58,12.07,147.0,25,,"","",2019-03-08-080554.gpx
9e7b87e8-5f58-4cec-9f6b-23f551d0adde,2019-03-07 08:25:28,Running,,2.96,14:41,4:57,12.11,219.0,36,,"","",2019-03-07-082528.gpx
ecae5201-b20a-46e5-8b53-30e1aba0ac9f,2019-03-06 08:35:17,Running,,2.03,10:03,4:57,12.14,151.0,27,,"","",2019-03-06-083517.gpx
1915a3fa-f359-42b1-b1e1-664b6c3e8687,2019-03-05 05:45:51,Running,,1.78,8:33,4:49,12.46,128.0,12,,"","",2019-03-05-054551.gpx
2d53d560-1112-41a4-8190-2a42d0cefa26,2019-03-04 08:51:39,Running,,2.01,9:36,4:47,12.54,147.0,25,,"","",2019-03-04-085139.gpx
526e2f98-e251-4b93-b480-4e294f82f8af,2019-03-03 10:05:53,Running,,2.04,10:11,4:59,12.04,151.0,26,,"","",2019-03-03-100553.gpx
3ac5ab4b-acd7-4a49-9abf-0426bff19ceb,2019-03-02 09:42:32,Running,,2.01,9:00,4:29,13.38,145.0,25,,"","",2019-03-02-094232.gpx
3d696250-d293-4b06-8c39-b93cd2ad69df,2019-03-01 08:11:39,Running,,2.04,10:18,5:04,11.86,150.0,26,,"","",2019-03-01-081139.gpx
c8f6b1bb-4e5e-4656-a329-94465071133f,2019-02-28 08:19:14,Running,,3.97,19:42,4:58,12.10,291.0,45,,"","",2019-02-28-081914.gpx
4fd156ca-9337-4e84-af84-0a04922027e8,2019-02-27 08:28:03,Running,,2.93,14:17,4:52,12.33,215.0,34,,"","",2019-02-27-082803.gpx
b132cac6-5a80-49f7-8de8-574895237659,2019-02-26 08:12:35,Running,,2.96,14:06,4:46,12.61,216.0,34,,"","",2019-02-26-081235.gpx
d6f3bdf4-2118-4fb4-a46f-67749ca1026e,2019-02-25 08:15:35,Running,,2.00,10:12,5:06,11.76,147.0,25,,"","",2019-02-25-081535.gpx
73296a75-dcca-4982-9704-4910b1420b8d,2019-02-24 08:54:58,Running,,2.46,12:01,4:53,12.27,179.0,29,,"","",2019-02-24-085458.gpx
42bc7f08-6e1f-448c-a680-798911682a1e,2019-02-23 09:47:11,Running,,1.98,9:45,4:56,12.17,145.0,24,,"","",2019-02-23-094711.gpx
47467105-7a0e-4e7f-804d-971537dc4195,2019-02-22 09:01:15,Running,,1.99,9:57,5:00,11.98,143.0,23,,"","",2019-02-22-090115.gpx
37e5f773-bfe5-422c-ab17-891f054cbbb8,2019-02-21 08:45:13,Running,,2.01,9:42,4:50,12.42,148.0,25,,"","",2019-02-21-084513.gpx
6fc64251-7170-46cd-bebc-b6500e881506,2019-02-20 10:45:44,Running,,1.98,9:30,4:47,12.53,145.0,24,,"","",2019-02-20-104544.gpx
6012e814-1c08-4495-99a1-1ba150c449c4,2019-02-19 10:32:59,Running,,3.82,18:01,4:43,12.71,277.0,42,,"","",2019-02-19-103259.gpx
56e9f456-add6-47b8-91bb-bd843e4f061a,2019-02-18 09:52:45,Running,,2.98,14:42,4:56,12.16,220.0,37,,"","",2019-02-18-095245.gpx
8bc49e5f-3586-48c6-ae2f-a0155be8a088,2019-02-17 11:14:28,Running,,2.01,9:48,4:53,12.28,147.0,26,,"","",2019-02-17-111428.gpx
31f0ed19-a341-495b-a225-45188bccc954,2019-02-16 09:38:37,Running,,2.00,10:06,5:02,11.90,148.0,25,,"","",2019-02-16-093837.gpx
737fdb51-1493-4f5c-a220-6c987b1d4d61,2019-02-15 07:54:13,Running,,1.98,9:55,5:00,12.00,145.0,24,,"","",2019-02-15-075413.gpx
0fc04570-eca2-419c-ae76-0268b95c817f,2019-02-14 08:29:37,Running,,2.03,9:48,4:50,12.43,149.0,26,,"","",2019-02-14-082937.gpx
1f5d9d0f-cefc-454d-8b72-d3020fce6a69,2019-02-13 08:22:37,Running,,2.00,9:25,4:43,12.73,147.0,25,,"","",2019-02-13-082237.gpx
d1920eaa-a5a8-4105-a3d8-f82d4dae2f0f,2019-02-12 08:48:31,Running,,2.00,9:14,4:37,13.01,146.0,25,,"","",2019-02-12-084831.gpx
342cf044-4210-40c3-873e-4032f751d7bf,2019-02-11 08:14:50,Running,,1.99,9:58,5:00,11.99,147.0,25,,"","",2019-02-11-081450.gpx
9dda1f35-b5f2-4a4a-962c-0d33c31f1743,2019-02-10 09:36:10,Running,,1.71,8:30,4:58,12.09,127.0,24,,"","",2019-02-10-093610.gpx
f1adecc3-4269-4177-8d6e-22843453433e,2019-02-09 09:40:52,Running,,2.03,9:28,4:40,12.86,147.0,26,,"","",2019-02-09-094052.gpx
cb4c1c01-896e-4dd5-80e6-aec7223e3992,2019-02-08 07:51:12,Running,,2.03,9:50,4:51,12.36,149.0,27,,"","",2019-02-08-075112.gpx
263797eb-7e63-470d-9631-2f836f8aecd4,2019-02-07 08:22:16,Running,,2.00,9:29,4:44,12.67,147.0,26,,"","",2019-02-07-082216.gpx
b2feb3d2-3f9a-4887-9062-69b3406b58cc,2019-02-06 08:31:27,Running,,2.00,9:53,4:57,12.13,147.0,25,,"","",2019-02-06-083127.gpx
a19b3b1c-240f-4d8c-b34e-cc94fcde2c47,2019-02-05 09:17:05,Running,,1.81,8:56,4:56,12.18,133.0,23,,"","",2019-02-05-091705.gpx
f07f2391-be95-41d8-9e74-5273f3c03d5a,2019-02-04 08:13:11,Running,,2.02,9:54,4:54,12.25,149.0,26,,"","",2019-02-04-081311.gpx
e8ef0372-c0d9-4606-a784-cd6cde461faa,2019-02-03 10:38:57,Running,,1.98,9:18,4:42,12.75,144.0,23,,"","",2019-02-03-103857.gpx
38d48484-43ff-44ee-8b4c-8eaddc50acd1,2019-02-02 09:25:59,Running,,1.99,9:42,4:52,12.32,145.0,24,,"","",2019-02-02-092559.gpx
29016a4a-d0a3-4719-87ae-6a47aaa27d9b,2019-02-01 08:31:02,Running,,1.99,9:15,4:39,12.88,146.0,26,,"","",2019-02-01-083102.gpx
915237dd-33cb-4487-bc73-b870e7db65f6,2019-01-31 10:15:34,Running,,2.04,9:51,4:49,12.44,150.0,25,,"","",2019-01-31-101534.gpx
038788dc-7b5b-4bf8-9dc7-c439924b0186,2019-01-30 08:14:25,Running,,2.01,9:54,4:56,12.15,148.0,25,,"","",2019-01-30-081425.gpx
ad45b8ba-ee97-4681-906f-2bd30da57edb,2019-01-29 08:23:53,Running,,1.98,9:15,4:40,12.85,146.0,26,,"","",2019-01-29-082353.gpx
a0604fb7-95cb-4677-9f2f-1e712769fb36,2019-01-28 08:10:32,Running,,1.97,9:30,4:49,12.45,145.0,26,,"","",2019-01-28-081032.gpx
98fa4e97-8ca1-4588-9483-233be0eb2655,2019-01-27 10:17:20,Running,,2.00,9:31,4:45,12.62,144.0,24,,"","",2019-01-27-101720.gpx
8021346a-8ce3-4d71-95fe-d2d0bb260f0a,2019-01-26 09:05:44,Running,,2.05,9:27,4:37,13.02,150.0,26,,"","",2019-01-26-090544.gpx
c5347d3d-cc51-4e0d-a602-22ec4f82b016,2019-01-25 08:11:12,Running,,2.03,9:42,4:46,12.57,148.0,26,,"","",2019-01-25-081112.gpx
2b6b01a0-b1d5-4197-99a9-1c39428badea,2019-01-24 08:13:37,Running,,2.02,9:21,4:38,12.95,148.0,25,,"","",2019-01-24-081337.gpx
f446c7d4-e5f9-400a-adb2-50c61b86c8f7,2019-01-23 08:18:46,Running,,2.04,9:29,4:40,12.88,148.0,25,,"","",2019-01-23-081846.gpx
8f737d5f-ed20-4e3a-aaa8-b545aa2321e2,2019-01-22 08:52:35,Running,,2.96,13:42,4:38,12.96,215.0,36,,"","",2019-01-22-085235.gpx
a13db386-3efa-4656-8813-6938a9e85f20,2019-01-21 07:51:06,Running,,2.93,14:01,4:47,12.53,212.0,34,,"","",2019-01-21-075106.gpx
18931cd4-457e-4179-9efe-2aa91be9a3ad,2019-01-20 09:04:14,Running,,2.02,9:12,4:34,13.16,147.0,27,,"","",2019-01-20-090414.gpx
7a7e0329-c082-4883-8152-170269a56892,2019-01-19 08:07:01,Running,,2.91,13:35,4:41,12.83,214.0,35,,"","",2019-01-19-080701.gpx
e01fdea4-496a-4a10-9bd6-eccb61980931,2019-01-18 08:25:00,Running,,2.50,12:29,5:00,11.99,184.0,32,,"","",2019-01-18-082500.gpx
4947613b-20f6-47bf-ab7a-6528d1016959,2019-01-17 08:04:12,Running,,1.98,9:46,4:55,12.19,145.0,25,,"","",2019-01-17-080412.gpx
2ec8b418-255d-4852-b470-86c919e26d51,2019-01-16 08:32:05,Running,,2.37,11:40,4:56,12.18,175.0,30,,"","",2019-01-16-083205.gpx
8cb797a6-c466-4bf5-b365-a285d126f45b,2019-01-15 08:44:41,Running,,2.02,9:46,4:50,12.42,147.0,25,,"","",2019-01-15-084441.gpx
492909b3-3f05-4c4f-8958-78cddbbe5da3,2019-01-14 08:31:00,Running,,3.82,18:16,4:47,12.55,279.0,43,,"","",2019-01-14-083100.gpx
131b36a5-bfba-44df-b750-f3217a61603c,2019-01-13 09:40:14,Running,,2.94,14:20,4:53,12.29,215.0,36,,"","",2019-01-13-094014.gpx
d92e834b-4774-44f3-9c93-2b1acbc761a0,2019-01-12 08:24:20,Running,,2.00,10:05,5:02,11.93,146.0,26,,"","",2019-01-12-082420.gpx
42a36126-e959-441b-b186-b432c2a0fa88,2019-01-11 08:04:21,Running,,3.07,14:43,4:48,12.51,225.0,35,,"","",2019-01-11-080421.gpx
2dd3891a-66b4-4be9-96b8-d6598f14d0c9,2019-01-10 08:42:11,Running,,2.93,14:50,5:03,11.86,216.0,35,,"","",2019-01-10-084211.gpx
2d6198ac-8c47-48e7-a30a-7c2aa7e97d77,2019-01-09 08:15:44,Running,,2.00,9:42,4:51,12.38,144.0,25,,"","",2019-01-09-081544.gpx
f657a70e-e772-42ea-96a9-f7c3ea726069,2019-01-08 10:15:33,Running,,1.99,9:52,4:58,12.10,147.0,25,,"","",2019-01-08-101533.gpx
d7e6920f-5a52-4b22-860d-40683e80a61d,2019-01-07 09:18:03,Running,,2.53,11:57,4:44,12.69,183.0,30,,"","",2019-01-07-091803.gpx
d5044766-f5c2-4ce2-9684-aed832ec0359,2019-01-06 10:22:32,Running,,3.99,19:37,4:55,12.19,293.0,44,,"","",2019-01-06-102232.gpx
20d7c853-b6c3-42f3-a3a0-2a4cd8d1fcd8,2019-01-05 08:20:19,Running,,2.91,14:03,4:49,12.44,212.0,35,,"","",2019-01-05-082019.gpx
b8de3939-c076-410b-a359-3dd19ea0ff51,2019-01-04 09:37:21,Running,,2.48,13:00,5:15,11.42,180.0,31,,"","",2019-01-04-093721.gpx
b38da970-bb9d-4202-b896-ffcc56be6109,2019-01-03 10:45:51,Running,,1.95,9:30,4:52,12.32,141.0,24,,"","",2019-01-03-104551.gpx
fef35694-6cec-469c-877d-e29daaeccd58,2019-01-02 09:48:05,Running,,2.53,12:35,4:59,12.04,184.0,33,,"","",2019-01-02-094805.gpx
2b438194-6ad6-4278-a31e-114362776be7,2019-01-01 09:54:17,Running,,2.04,9:43,4:46,12.58,147.0,25,,"","",2019-01-01-095417.gpx
22ddc9ab-95d5-4972-842a-c07db40e971a,2018-12-31 10:23:59,Running,,3.72,17:30,4:42,12.76,272.0,41,,"","",2018-12-31-102359.gpx
4107d5af-6a87-4531-bf08-37e20da96c84,2018-12-30 09:55:30,Running,,2.01,9:46,4:52,12.34,147.0,25,,"","",2018-12-30-095530.gpx
6a4bf257-4297-4aa7-8a7c-9ba6d7e3c85d,2018-12-29 09:48:41,Running,,2.05,9:33,4:39,12.88,148.0,25,,"","",2018-12-29-094841.gpx
1229ae13-f448-4d1e-83cc-e00237efbcc9,2018-12-28 08:57:33,Running,,4.93,22:32,4:34,13.13,359.0,50,,"","",2018-12-28-085733.gpx
b0a515c4-9868-4cb9-81e4-a757bf19ed52,2018-12-27 11:07:58,Running,,2.51,12:10,4:50,12.40,186.0,31,,"","",2018-12-27-110758.gpx
44be8484-f10f-49af-89cd-cd617314b85d,2018-12-26 08:58:35,Running,,2.90,13:38,4:42,12.76,212.0,36,,"","",2018-12-26-085835.gpx
3bb94b1b-5ab1-4d3b-ab5a-9302c637d9b1,2018-12-25 08:54:20,Running,,1.98,9:01,4:33,13.20,146.0,25,,"","",2018-12-25-085420.gpx
c98f22dd-db9e-4dbb-acde-ddce27b22d3f,2018-12-24 08:40:19,Running,,2.20,10:41,4:51,12.36,159.0,12,,"","",2018-12-24-084019.gpx
7788fec6-a5e3-4563-a18e-ccfbaca9d4a9,2018-12-23 09:10:39,Running,,2.21,10:26,4:43,12.71,158.0,12,,"","",2018-12-23-091039.gpx
0282c7c5-ad9d-4ab4-a4e5-227e83156597,2018-12-22 08:11:55,Running,,2.26,10:45,4:46,12.61,162.0,13,,"","",2018-12-22-081155.gpx
003e16d6-6758-4f9a-bc11-11240e341c0e,2018-12-21 08:20:35,Running,,2.24,11:04,4:56,12.15,161.0,13,,"","",2018-12-21-082035.gpx
992a7464-aa10-48e3-b4df-a5ed7be7faa3,2018-12-20 09:32:36,Running,,2.90,13:32,4:40,12.86,212.0,34,,"","",2018-12-20-093236.gpx
644e3884-f441-4531-8052-d0b634997824,2018-12-19 08:51:43,Running,,2.91,13:48,4:45,12.64,211.0,34,,"","",2018-12-19-085143.gpx
0631e04a-e7df-40d0-b09b-41a22f44b00d,2018-12-18 10:40:18,Running,,4.11,19:37,4:46,12.57,300.0,44,,"","",2018-12-18-104018.gpx
37344378-35cf-4639-a12e-2f885902ca13,2018-12-17 09:19:55,Running,,4.96,23:37,4:46,12.60,362.0,51,,"","",2018-12-17-091955.gpx
bfbd3df2-3a10-460a-a9b6-ae75228ba9c9,2018-12-16 08:21:55,Running,,4.98,24:20,4:53,12.27,363.0,50,,"","",2018-12-16-082155.gpx
dce49c43-f6da-4fad-9c3c-ba4fb3ae68f7,2018-12-15 09:36:08,Running,,2.89,14:49,5:07,11.72,211.0,34,,"","",2018-12-15-093608.gpx
4d6c3aed-5035-404a-a991-1a32d8a7029f,2018-12-14 09:14:45,Running,,4.95,23:12,4:41,12.79,359.0,49,,"","",2018-12-14-091445.gpx
cb6c0ec4-57a2-429a-bdd5-e6f665e4af85,2018-12-13 08:47:53,Running,,2.91,13:25,4:36,13.03,213.0,35,,"","",2018-12-13-084753.gpx
3993bc2b-6328-44a3-9120-f8c449c3057e,2018-12-12 08:39:26,Running,,4.17,21:38,5:11,11.56,305.0,45,,"","",2018-12-12-083926.gpx
3cb98097-bce4-4e58-9ac1-02b63842e833,2018-12-11 17:45:42,Running,,2.01,9:58,4:57,12.11,147.0,25,,"","",2018-12-11-174542.gpx
5679d44f-fa4e-4fe8-a6b6-43826f191be9,2018-12-10 07:05:58,Running,,1.93,9:47,5:03,11.86,135.0,1,,"","",2018-12-10-070558.gpx
aa84309e-2c2f-4c38-98c8-db33f5e18450,2018-12-09 07:09:57,Running,,1.98,9:16,4:40,12.85,144.0,26,,"","",2018-12-09-070957.gpx
faa303b6-2e6b-48de-a081-4e7c017f20a5,2018-12-08 09:14:07,Running,,3.84,19:46,5:09,11.66,281.0,44,,"","",2018-12-08-091407.gpx
c644d2fa-fb35-4466-8567-413a8eabe787,2018-12-07 08:23:42,Running,,2.03,9:22,4:37,12.98,147.0,24,,"","",2018-12-07-082342.gpx
6b9a0223-78cc-41ce-9e67-4d44b7ae1c5f,2018-12-06 10:03:54,Running,,2.98,13:11,4:26,13.55,214.0,33,,"","",2018-12-06-100354.gpx
eb137299-9c54-41d0-930e-b574a240ecd9,2018-12-05 09:34:36,Running,,2.01,9:26,4:42,12.78,144.0,25,,"","",2018-12-05-093436.gpx
902cbcf7-2fc6-4a9c-9b6c-c560ad2e7e37,2018-12-04 09:20:59,Running,,2.97,14:11,4:46,12.57,216.0,35,,"","",2018-12-04-092059.gpx
8ca40ce5-e414-4d1c-923e-0853e1184fd5,2018-12-03 08:41:51,Running,,4.93,23:45,4:49,12.45,357.0,49,,"","",2018-12-03-084151.gpx
46f1b813-1749-42ca-a1d5-92dd02b155f3,2018-12-02 09:22:57,Running,,2.41,12:18,5:07,11.74,179.0,30,,"","",2018-12-02-092257.gpx
5c7a3fc3-e986-431c-8a17-72bbb64d0924,2018-12-01 12:23:33,Running,,2.95,13:28,4:34,13.13,213.0,36,,"","",2018-12-01-122333.gpx
0a910e58-0a76-435f-b3fd-1c6f021d65a2,2018-11-30 08:27:52,Running,,2.00,9:14,4:37,12.99,142.0,24,,"","",2018-11-30-082752.gpx
9cb9ef23-3ef6-4aa3-a7d3-da52019fa9e4,2018-11-29 09:51:45,Running,,2.95,13:35,4:36,13.05,214.0,36,,"","",2018-11-29-095145.gpx
17d464d2-1902-4519-acf1-c21ee5cd3462,2018-11-28 08:28:04,Running,,2.95,14:16,4:50,12.40,214.0,33,,"","",2018-11-28-082804.gpx
f31586e2-5143-4e8b-8ded-09a925056d37,2018-11-27 09:25:48,Running,,2.99,14:33,4:52,12.32,218.0,34,,"","",2018-11-27-092548.gpx
9e0db5a8-9743-44bb-8605-10391bb91a73,2018-11-26 09:16:18,Running,,4.12,19:55,4:50,12.42,300.0,42,,"","",2018-11-26-091618.gpx
517ddf45-ada6-4fbc-a53f-1b24e8831e05,2018-11-25 08:50:38,Running,,2.14,10:00,4:40,12.86,154.0,30,,"","",2018-11-25-085038.gpx
c7ea47b1-ebcf-4f4f-8eeb-06a23bcba423,2018-11-24 09:23:28,Running,,2.12,11:17,5:19,11.30,157.0,33,,"","",2018-11-24-092328.gpx
0c67e20e-4c31-4423-b56d-5076c71bcfe1,2018-11-23 08:07:55,Running,,2.96,13:34,4:35,13.11,217.0,36,,"","",2018-11-23-080755.gpx
067e6ffb-4ca4-43f9-9a11-3b7dc6a4470c,2018-11-22 10:16:28,Running,,2.47,11:14,4:33,13.20,179.0,31,,"","",2018-11-22-101628.gpx
45b37c41-a32b-4c32-a7d6-f27ffa33665d,2018-11-21 09:23:03,Running,,4.16,19:38,4:43,12.71,300.0,42,,"","",2018-11-21-092303.gpx
d0489ab2-189b-4838-8ea3-a4efffc43d66,2018-11-20 08:53:54,Running,,3.00,13:54,4:38,12.94,218.0,33,,"","",2018-11-20-085354.gpx
3b9c8aa8-78a5-4aab-b95e-aabe27c78fbb,2018-11-19 08:52:12,Running,,4.19,19:46,4:43,12.73,306.0,45,,"","",2018-11-19-085212.gpx
8bf980d6-2997-459b-a9a3-e582a379db2b,2018-11-18 09:36:02,Running,,4.15,19:48,4:46,12.59,296.0,44,,"","",2018-11-18-093602.gpx
85d2053e-e910-4b18-bc23-937c0a1b3565,2018-11-17 09:24:31,Running,,4.93,23:06,4:41,12.82,359.0,50,,"","",2018-11-17-092431.gpx
8bde9742-4738-437f-bb6a-9245f9f2e34f,2018-11-16 11:09:47,Running,,2.97,13:50,4:39,12.89,218.0,35,,"","",2018-11-16-110947.gpx
a8bb1eff-7a43-45b9-8766-58c1025121f3,2018-11-15 07:29:25,Running,,2.93,14:03,4:48,12.49,215.0,36,,"","",2018-11-15-072925.gpx
37f0cb49-91c8-4866-9752-21a15833992f,2018-11-14 07:27:33,Running,,2.96,14:31,4:54,12.25,218.0,37,,"","",2018-11-14-072733.gpx
d7ba5103-5e74-45d2-87ec-bee1d5129d1a,2018-11-13 10:24:21,Running,,4.14,20:07,4:51,12.36,299.0,44,,"","",2018-11-13-102421.gpx
103c2613-1d6a-4724-aaa0-4fb2fc2c51bd,2018-11-12 09:30:02,Running,,4.16,20:23,4:54,12.24,302.0,44,,"","",2018-11-12-093002.gpx
8b010017-5a69-4043-8b46-9578565610d3,2018-11-11 09:26:34,Running,,2.92,13:45,4:43,12.74,214.0,35,,"","",2018-11-11-092634.gpx
f9051047-a14f-4ee6-8ab4-f7ad33acd63f,2018-11-10 08:50:38,Running,,2.73,17:01,6:15,9.61,196.0,36,,"","",2018-11-10-085038.gpx
f0f87b01-8f2e-49f5-b702-c3f6822a8a04,2018-11-09 07:55:18,Running,,4.26,19:56,4:41,12.82,312.0,49,,"","",2018-11-09-075518.gpx
6f493bc4-28d9-4502-b46c-6d5c639ca43b,2018-11-08 08:12:19,Running,,4.23,19:16,4:33,13.16,307.0,46,,"","",2018-11-08-081219.gpx
ba224c6e-32b2-4a2b-ba04-d25771e54b2f,2018-11-07 08:50:17,Running,,3.83,18:26,4:49,12.46,282.0,45,,"","",2018-11-07-085017.gpx
dcc03569-0388-4405-b619-335afbc4ab92,2018-11-06 09:40:35,Running,,1.99,10:02,5:03,11.87,147.0,26,,"","",2018-11-06-094035.gpx
a8da0952-ff6a-442f-905b-af2afd6f15d5,2018-11-05 07:16:36,Running,,4.20,20:19,4:50,12.41,308.0,46,,"","",2018-11-05-071636.gpx
8b0178d9-d868-4d0c-810b-0a24c7e49693,2018-11-04 09:08:52,Running,,4.01,19:26,4:51,12.38,292.0,45,,"","",2018-11-04-090852.gpx
d74ca7f0-8463-4274-9490-31a4c4f35d17,2018-11-03 09:20:00,Running,,3.97,19:01,4:47,12.52,290.0,46,,"","",2018-11-03-092000.gpx
49b89aa3-d2ef-4ef2-aad4-080bb9138ace,2018-11-02 08:22:23,Running,,3.93,20:09,5:08,11.70,284.0,43,,"","",2018-11-02-082223.gpx
4980b974-ad64-4925-9bf5-de940efb69f4,2018-11-01 08:24:34,Running,,3.11,15:45,5:04,11.84,228.0,31,,"","",2018-11-01-082434.gpx
89e2906c-f5a9-4872-a8b6-725f9befffa6,2018-10-31 08:21:20,Running,,4.03,19:34,4:51,12.37,294.0,36,,"","",2018-10-31-082120.gpx
85ac11d5-aaa5-4d84-ba52-22d19d43b1bb,2018-10-30 09:08:35,Running,,4.03,19:27,4:50,12.43,293.0,36,,"","",2018-10-30-090835.gpx
54926d69-cb03-41ad-b495-b80635e5f304,2018-10-29 08:23:01,Running,,4.03,19:50,4:56,12.18,292.0,34,,"","",2018-10-29-082301.gpx
e212a606-a241-4285-a6ff-c00b47b30fd7,2018-10-28 09:49:12,Running,,3.11,15:17,4:55,12.21,228.0,32,,"","",2018-10-28-094912.gpx
084125ad-136b-49dc-afe9-15ba5988ea7f,2018-10-27 09:29:07,Running,,4.01,19:34,4:53,12.30,290.0,34,,"","",2018-10-27-092907.gpx
c361043a-02ad-47c7-92de-20277f93c2d7,2018-10-26 09:43:59,Running,,4.02,18:55,4:42,12.75,292.0,35,,"","",2018-10-26-094359.gpx
69151ff3-caa0-4349-91b6-714814d99e87,2018-10-25 09:11:42,Running,,4.04,18:24,4:33,13.18,290.0,32,,"","",2018-10-25-091142.gpx
731d9fc4-30fb-4cbc-a37a-b909a885ba26,2018-10-24 08:44:34,Running,,4.04,19:25,4:48,12.48,293.0,34,,"","",2018-10-24-084434.gpx
f7e813ee-466f-43de-a923-43b543064760,2018-10-23 08:42:50,Running,,4.01,19:47,4:56,12.17,291.0,35,,"","",2018-10-23-084250.gpx
596e3e58-94bf-49b6-bd41-b4717fae5a25,2018-10-22 08:25:13,Running,,4.01,20:05,5:01,11.97,291.0,33,,"","",2018-10-22-082513.gpx
fcb3c283-c67f-4361-9bfc-03c325566ba5,2018-10-21 07:21:47,Running,,3.14,15:16,4:52,12.34,230.0,31,,"","",2018-10-21-072147.gpx
4e68b995-71bc-4a51-a7ae-67a19558f267,2018-10-20 08:49:34,Running,,5.95,44:55,7:33,7.95,366.0,84,,"","",2018-10-20-084934.gpx
e1f80892-9969-4526-9a56-bd7ffa6378ab,2018-10-19 08:24:54,Running,,4.03,18:07,4:30,13.34,290.0,35,,"","",2018-10-19-082454.gpx
7b1e05cb-d01b-4521-995c-d054bfe5de7e,2018-10-18 09:29:55,Running,,4.03,20:35,5:06,11.76,293.0,36,,"","",2018-10-18-092955.gpx
f79f15ce-5ceb-4267-840b-3a84b6c3948d,2018-10-17 07:13:03,Running,,3.90,20:37,5:17,11.36,292.0,65,,"","",2018-10-17-071303.gpx
9c8eae22-efd8-4ff7-87cd-66f9bafa40a4,2018-10-16 09:09:50,Running,,3.99,20:26,5:07,11.72,297.0,65,,"","",2018-10-16-090950.gpx
a91a5219-cd50-42c7-85ab-e6fcb0bcd5de,2018-10-15 08:23:00,Running,,3.93,20:24,5:11,11.56,294.0,62,,"","",2018-10-15-082300.gpx
443a837f-4675-49a1-8d4f-290fbdcba7f4,2018-10-14 08:39:17,Running,,3.96,19:13,4:51,12.36,286.0,34,,"","",2018-10-14-083917.gpx
04c2d747-55ec-4491-a402-01cc7cd2484e,2018-10-13 08:46:33,Running,,4.00,19:04,4:46,12.57,290.0,33,,"","",2018-10-13-084633.gpx
59463a26-17f7-42e5-b440-c911f4a86587,2018-10-12 09:09:36,Running,,4.02,20:04,5:00,12.01,290.0,34,,"","",2018-10-12-090936.gpx
18e8d8a8-c526-4d7f-b603-9541d160a260,2018-10-11 08:54:20,Running,,5.10,25:26,4:59,12.04,381.0,76,,"","",2018-10-11-085420.gpx
b3bd24a1-b298-4930-9db4-f6ea7e07d7b6,2018-10-10 08:52:41,Running,,4.01,20:05,5:01,11.98,291.0,34,,"","",2018-10-10-085241.gpx
5db1e6b6-fa74-42d0-a5e0-e749fc585293,2018-10-09 07:35:13,Running,,4.05,19:45,4:53,12.29,292.0,35,,"","",2018-10-09-073513.gpx
45c0bd89-db40-461c-a75c-c0a50c631f64,2018-10-08 08:54:04,Running,,3.88,19:03,4:54,12.23,278.0,23,,"","",2018-10-08-085404.gpx
540703cf-aab6-4b8b-8844-43d8647d0667,2018-10-07 07:51:47,Running,,4.17,20:31,4:55,12.20,298.0,24,,"","",2018-10-07-075147.gpx
ce9698a0-8862-43ac-bde8-01c680dd7dc2,2018-10-06 08:47:01,Running,,4.02,19:26,4:50,12.41,292.0,35,,"","",2018-10-06-084701.gpx
4fe41586-2d7c-4de5-99d8-533f6ed855b8,2018-10-05 07:54:44,Running,,1.99,9:09,4:36,13.05,141.0,14,,"","",2018-10-05-075444.gpx
6ed67bfa-3436-4137-886d-fa36347689fc,2018-10-04 08:31:15,Running,,4.00,19:51,4:58,12.09,289.0,34,,"","",2018-10-04-083115.gpx
d04ce7f5-3b74-4090-bb5c-7445be776592,2018-10-03 08:32:58,Running,,4.91,27:14,5:33,10.82,363.0,63,,"","",2018-10-03-083258.gpx
1573670a-3a55-4ffa-a0df-2747c0bbe7a8,2018-10-02 08:45:16,Running,,2.02,10:43,5:19,11.29,146.0,16,,"","",2018-10-02-084516.gpx
02e4f207-b9e7-49c3-826d-2fffff07b376,2018-10-01 08:31:26,Running,,4.02,19:04,4:45,12.65,292.0,35,,"","",2018-10-01-083126.gpx
3775cf99-0273-41ee-8833-c468db86ab9a,2018-09-30 09:29:35,Running,,4.00,20:13,5:03,11.88,291.0,34,,"","",2018-09-30-092935.gpx
cbdc8a30-1df2-4dd2-b6b5-8b2dee701f50,2018-09-29 09:46:28,Running,,4.02,19:13,4:47,12.56,291.0,34,,"","",2018-09-29-094628.gpx
2209563e-5fe2-445d-ae7f-54747a8811a9,2018-09-28 10:09:57,Running,,2.00,9:53,4:56,12.14,143.0,14,,"","",2018-09-28-100957.gpx
bbcbfd8e-2bf1-4af7-a80d-7757fbd40770,2018-09-27 09:25:59,Running,,3.09,15:16,4:56,12.15,226.0,31,,"","",2018-09-27-092559.gpx
e1093e22-04ec-4d07-9309-290b310cfb3c,2018-09-26 09:34:22,Running,,4.01,19:52,4:57,12.12,291.0,34,,"","",2018-09-26-093422.gpx
b2ff01ce-0735-4584-887c-2af7eb3a31f3,2018-09-25 09:59:38,Running,,4.01,19:49,4:57,12.14,291.0,36,,"","",2018-09-25-095938.gpx
3807c578-2946-443f-9897-276ff6763f5e,2018-09-24 08:33:10,Running,,4.03,20:12,5:01,11.96,292.0,36,,"","",2018-09-24-083310.gpx
45955aef-b7b6-48b4-bb12-85b118f058b9,2018-09-23 09:44:35,Running,,4.03,21:46,5:24,11.10,292.0,36,,"","",2018-09-23-094435.gpx
b441177a-8e36-4186-81ef-116c15b243c1,2018-09-22 09:46:23,Running,,2.02,10:12,5:02,11.90,146.0,15,,"","",2018-09-22-094623.gpx
7482ba5c-5ef5-43bc-a385-78a8c1076c48,2018-09-21 08:06:55,Running,,3.94,20:14,5:08,11.70,286.0,35,,"","",2018-09-21-080655.gpx
b18a2790-f3ac-4ed0-82c0-e36da1f774c3,2018-09-20 07:53:55,Running,,4.03,20:22,5:04,11.86,293.0,35,,"","",2018-09-20-075355.gpx
ecdb6676-1547-4217-8542-1c3046bdabb9,2018-09-19 08:23:19,Running,,3.05,16:05,5:17,11.37,223.0,32,,"","",2018-09-19-082319.gpx
c746ab74-c31a-4163-ad1f-3ea24741c6b0,2018-09-18 07:48:50,Running,,3.12,15:51,5:05,11.81,228.0,32,,"","",2018-09-18-074850.gpx
4be69a40-80fc-462c-8a4f-ce2563e8da8f,2018-09-17 08:36:25,Running,,4.02,19:42,4:54,12.23,292.0,35,,"","",2018-09-17-083625.gpx
22b908ba-3a7d-45d1-87bd-eccd468f0120,2018-09-16 10:39:37,Running,,4.00,20:05,5:01,11.95,290.0,34,,"","",2018-09-16-103937.gpx
fc8d6324-c3dd-4d57-9f96-052a29ec091a,2018-09-15 08:02:39,Running,,3.03,15:03,4:58,12.10,222.0,30,,"","",2018-09-15-080239.gpx
81dfb308-5244-470e-8a21-0bc9abd98e90,2018-09-14 08:59:43,Running,,4.04,20:50,5:10,11.63,294.0,37,,"","",2018-09-14-085943.gpx
34a4f8ee-e379-44eb-b731-a1cda4982749,2018-09-13 08:51:26,Running,,4.01,19:17,4:48,12.48,292.0,35,,"","",2018-09-13-085126.gpx
6e4bd782-3ef1-41dc-8d06-578aa56c13f9,2018-09-12 08:39:32,Running,,3.64,19:55,5:28,10.97,273.0,59,,"","",2018-09-12-083932.gpx
0a2165ec-ce71-44d7-9dd3-dd58f937f002,2018-09-11 08:44:26,Running,,4.04,21:08,5:14,11.48,303.0,63,,"","",2018-09-11-084426.gpx
aca93b55-ff1f-4ac5-a47f-1ab06be30ea2,2018-09-10 07:08:21,Running,,3.67,20:08,5:29,10.93,273.0,60,,"","",2018-09-10-070821.gpx
cf8a9f3f-8ce4-4f1f-aa62-371f98e55098,2018-09-09 10:29:09,Running,,4.02,20:11,5:01,11.96,292.0,36,,"","",2018-09-09-102909.gpx
187e0213-965a-436c-9488-d7418b518dc7,2018-09-08 08:26:42,Running,,3.09,16:30,5:21,11.23,225.0,31,,"","",2018-09-08-082642.gpx
0e3c5ea7-5e85-4472-80f0-2d0e2b326aaa,2018-09-07 08:16:12,Running,,4.01,20:49,5:12,11.55,291.0,36,,"","",2018-09-07-081612.gpx
10e9853d-c7c8-4dc4-8233-19bf078d65d9,2018-09-06 08:04:53,Running,,4.03,20:50,5:10,11.62,293.0,37,,"","",2018-09-06-080453.gpx
82a181e3-85ad-4f75-aa86-98e9ea250dc1,2018-09-05 08:44:49,Running,,4.01,20:55,5:13,11.50,292.0,37,,"","",2018-09-05-084449.gpx
deb070ca-40a4-4b5f-8e8f-ff80eece18a8,2018-09-04 08:12:32,Running,,7.70,41:29,5:23,11.13,568.0,109,,"","",2018-09-04-081232.gpx
aca91772-305f-460d-a8e8-94e1848cc826,2018-09-03 07:35:54,Running,,4.03,19:47,4:54,12.24,293.0,36,,"","",2018-09-03-073554.gpx
204d21ed-9432-49ca-abd1-5d2336f26e4a,2018-09-02 06:36:39,Running,,4.03,20:03,4:59,12.05,321.0,126,,"","",2018-09-02-063639.gpx
631e0cba-8e53-4abc-8924-771ca0c23d20,2018-09-01 06:17:10,Running,,5.02,26:06,5:12,11.55,394.0,135,,"","",2018-09-01-061710.gpx
b75bf4fd-1c06-4368-8bc6-b89df30806ae,2018-08-31 06:35:19,Running,,3.99,20:48,5:13,11.51,319.0,125,,"","",2018-08-31-063519.gpx
d6252ee7-9b1e-4f2e-8f59-362ce06cb400,2018-08-30 06:01:55,Running,,4.90,27:19,5:34,10.77,357.0,53,,"","",2018-08-30-060155.gpx
0a557e60-b478-4281-a7cb-89a7855cf5d1,2018-08-29 06:03:37,Running,,4.73,23:46,5:01,11.94,354.0,72,,"","",2018-08-29-060337.gpx
895f2196-3f53-4b96-b808-3f6f630c36dd,2018-08-28 06:18:45,Running,,2.84,15:20,5:23,11.13,204.0,21,,"","",2018-08-28-061845.gpx
a2a84c5c-eb58-4715-9de6-a5d781e50863,2018-08-27 06:30:35,Running,,4.34,22:51,5:16,11.39,313.0,31,,"","",2018-08-27-063035.gpx
3edfebf3-d5fd-496c-9cbf-84c7d4fc8920,2018-08-26 06:22:58,Running,,3.24,18:11,5:37,10.68,232.0,23,,"","Light rain, moose blocking path",2018-08-26-062258.gpx
92372559-17b4-4bf3-9301-032123410c4e,2018-08-25 06:22:46,Running,,4.14,23:00,5:34,10.79,298.0,29,,"","",2018-08-25-062246.gpx
9bc26b13-2bcf-4e88-925a-1c5eb15af763,2018-08-24 06:28:19,Running,,7.31,38:24,5:15,11.42,528.0,61,,"","",2018-08-24-062819.gpx
79be9700-1d95-4f7f-a574-39b33bba7e87,2018-08-23 07:21:17,Running,,3.98,21:13,5:19,11.27,289.0,36,,"","",2018-08-23-072117.gpx
aa3d94a5-0caf-48ae-a800-7d909e187d62,2018-08-22 06:19:46,Running,,3.41,18:17,5:21,11.20,246.0,25,,"","",2018-08-22-061946.gpx
549298a1-5234-42cc-b4fa-d383a374c37d,2018-08-21 05:46:17,Running,,4.04,19:55,4:56,12.17,291.0,28,,"","",2018-08-21-054617.gpx
aa2930f9-ee85-46e3-949f-12bf6e870e0e,2018-08-20 06:18:38,Running,,5.55,26:57,4:52,12.35,404.0,47,,"","",2018-08-20-061838.gpx
b2195b49-a2b4-4e51-85f8-aec9108c2b14,2018-08-19 06:40:54,Running,,3.99,19:18,4:50,12.40,289.0,36,,"","",2018-08-19-064054.gpx
62fa510e-f2a8-454f-88ad-ee46fbfed2f2,2018-08-18 07:09:45,Running,,4.03,20:54,5:11,11.56,293.0,37,,"","",2018-08-18-070945.gpx
0cd41285-65b4-40e5-8a6b-ff8047532ab6,2018-08-17 08:49:13,Running,,4.02,22:05,5:30,10.91,291.0,36,,"","",2018-08-17-084913.gpx
13049658-8dc3-4b82-947e-7a5db2a8d063,2018-08-16 09:31:17,Running,,2.02,11:42,5:48,10.35,145.0,16,,"","",2018-08-16-093117.gpx
423bb504-f9e4-4479-aac1-1e205cd929cb,2018-08-15 07:44:03,Running,,3.97,23:43,5:58,10.05,290.0,36,,"","",2018-08-15-074403.gpx
457d1c18-5f20-46e1-8540-aa9480fd4ade,2018-08-14 07:54:47,Running,,8.98,49:18,5:30,10.92,662.0,116,,"","",2018-08-14-075447.gpx
b21776d2-e283-447d-9a49-a2b50dc5e2ed,2018-08-13 07:04:36,Running,,3.99,20:22,5:06,11.75,289.0,35,,"","",2018-08-13-070436.gpx
624c3a27-d8cd-44fd-8bc4-8a1abdfad3e3,2018-08-12 07:43:25,Running,,3.99,19:07,4:47,12.54,289.0,34,,"","",2018-08-12-074325.gpx
c529ad15-8587-4d2c-bdc5-348ef097ec2c,2018-08-11 06:08:57,Running,,3.70,18:09,4:54,12.24,264.0,18,,"","",2018-08-11-060857.gpx
1ef2ce94-2b7e-4384-bdda-4de9ea78957d,2018-08-10 08:32:07,Running,,2.01,9:16,4:36,13.05,142.0,7,,"","",2018-08-10-083207.gpx
e5e61f5e-e289-45cf-866d-ed370adef7ce,2018-08-09 08:03:52,Running,,2.34,12:48,5:28,10.97,165.0,8,,"","",2018-08-09-080352.gpx
a9385089-f2d5-46dd-a59b-0c49bb4086dd,2018-08-08 07:46:46,Running,,4.05,21:21,5:16,11.39,290.0,20,,"","",2018-08-08-074646.gpx
c68d93c3-1be9-4b4d-8d5e-a3dc7d3f573e,2018-08-07 08:02:29,Running,,4.03,23:20,5:47,10.37,287.0,19,,"","",2018-08-07-080229.gpx
67d13fa6-ff8a-4d5f-aba3-32eeceb5027c,2018-08-06 07:54:13,Running,,4.00,22:53,5:43,10.50,286.0,20,,"","",2018-08-06-075413.gpx
936ea4df-8dc5-43f6-870e-6b228cb4b127,2018-08-05 09:17:19,Running,,4.00,19:34,4:54,12.25,286.0,20,,"","",2018-08-05-091719.gpx
dbad51e4-2ae6-4128-acb3-26ee453f80a4,2018-08-04 08:53:29,Running,,10.02,1:10:34,7:02,8.52,753.0,308,,"","",2018-08-04-085329.gpx
094beb92-e7f3-4777-bcda-7e2f116a211f,2018-08-03 07:32:27,Running,,4.22,20:36,4:53,12.28,301.0,20,,"","",2018-08-03-073227.gpx
b06af684-4a8a-4fb4-bf88-0aa6b4cd0f9e,2018-08-02 08:08:53,Running,,3.86,20:50,5:24,11.12,276.0,19,,"","",2018-08-02-080853.gpx
90c2822b-2553-4f5e-8b88-f5d9d8939ba8,2018-08-01 07:53:07,Running,,3.78,20:31,5:25,11.06,270.0,19,,"","",2018-08-01-075307.gpx
a9266fff-5507-49a9-8cba-5dfb645fe9ee,2018-07-31 08:43:23,Running,,2.02,11:06,5:29,10.93,143.0,7,,"","",2018-07-31-084323.gpx
13906c65-2b9b-40ea-aaba-579f1baca8ce,2018-07-30 07:51:28,Running,,3.75,21:05,5:37,10.68,268.0,18,,"","",2018-07-30-075128.gpx
0d569f70-1703-4261-ac74-af09ec0e9fe4,2018-07-29 08:50:46,Running,,4.04,19:24,4:48,12.50,288.0,19,,"","",2018-07-29-085046.gpx
c8144967-9cef-45b7-8564-c0f597046a9e,2018-07-28 08:38:08,Running,,10.14,1:08:07,6:43,8.94,767.0,311,,"","",2018-07-28-083808.gpx
cb114d2f-76fd-42e3-a565-a737b03ab1e1,2018-07-27 07:42:27,Running,,4.09,23:12,5:40,10.58,291.0,19,,"","",2018-07-27-074227.gpx
abb9f2c7-a825-463f-84d8-dffe264058cb,2018-07-26 07:41:05,Running,,10.14,57:38,5:41,10.56,746.0,151,,"","",2018-07-26-074105.gpx
d80bd0cd-a29c-4ada-bd1e-13ec738269e6,2018-07-25 07:49:35,Running,,4.11,24:09,5:53,10.20,293.0,20,,"","",2018-07-25-074935.gpx
4f9640d1-01c0-4d23-8bf4-d472161916be,2018-07-24 07:46:05,Running,,10.11,59:40,5:54,10.16,746.0,150,,"","",2018-07-24-074605.gpx
93974109-6ce3-45bd-8904-9abbb66d8e82,2018-07-23 08:00:21,Running,,4.06,23:09,5:42,10.53,289.0,20,,"","",2018-07-23-080021.gpx
cb281f19-7c4b-48d1-82a3-72462d45c51d,2018-07-22 10:23:23,Running,,4.07,24:32,6:02,9.96,288.0,18,,"","",2018-07-22-102323.gpx
081e3203-411b-40d2-8677-f6d2d0eafb4c,2018-07-21 09:40:54,Running,,15.39,1:42:04,6:38,9.05,1184.0,526,,"","",2018-07-21-094054.gpx
237a33d9-ce10-4c94-be9f-35276d7643f8,2018-07-20 07:57:17,Running,,4.04,21:35,5:20,11.23,289.0,20,,"","",2018-07-20-075717.gpx
a19fa082-029c-4723-aa4e-3e157ad6a36e,2018-07-19 07:44:37,Running,,10.57,1:06:47,6:19,9.49,811.0,324,,"","",2018-07-19-074437.gpx
39ebffb1-3d0c-4458-b450-5e2e75d63710,2018-07-18 07:48:41,Running,,4.04,22:03,5:27,11.00,288.0,20,,"","",2018-07-18-074841.gpx
0eaa3ae5-953a-40ea-b23e-7f814c6dd742,2018-07-17 07:25:05,Running,,10.04,51:20,5:07,11.73,738.0,151,,"","",2018-07-17-072505.gpx
79fe7f69-6795-4683-a739-d77a8ef26cb3,2018-07-16 07:54:22,Running,,4.05,21:50,5:23,11.13,288.0,20,,"","",2018-07-16-075422.gpx
0f9e4c65-9b25-4dd4-b202-c061a966da1b,2018-07-15 10:02:23,Running,,4.07,22:09,5:27,11.02,290.0,20,,"","",2018-07-15-100223.gpx
e608edc6-fc75-499d-b9fd-8b34d702ad84,2018-07-14 09:11:12,Running,,15.37,1:35:47,6:14,9.63,1186.0,526,,"","",2018-07-14-091112.gpx
69890f88-8ee0-4041-a375-5259dd86383e,2018-07-13 07:27:23,Running,,4.20,21:57,5:14,11.47,298.0,19,,"","",2018-07-13-072723.gpx
6a5e710d-5598-49a0-98a5-6316bb2e5a17,2018-07-12 07:36:25,Running,,10.51,1:04:31,6:08,9.77,805.0,329,,"","",2018-07-12-073625.gpx
1199a93d-b04a-4c9b-b279-30b54ed07567,2018-07-11 07:45:16,Running,,4.08,21:52,5:21,11.20,290.0,19,,"","",2018-07-11-074516.gpx
d2314fae-78c5-46ef-862b-6234c1bbc9f0,2018-07-10 07:51:37,Running,,10.02,1:00:47,6:04,9.89,733.0,150,,"","",2018-07-10-075137.gpx
93127d7b-49dd-40cb-a55a-2cfb5076cece,2018-07-09 07:54:09,Running,,4.12,24:50,6:01,9.96,293.0,20,,"","",2018-07-09-075409.gpx
8a76a583-6dc0-4eaf-9b03-7e1ed460347d,2018-07-08 08:05:16,Running,,19.12,1:50:18,5:46,10.40,1481.0,579,,"","",2018-07-08-080516.gpx
da9c96d0-ccd2-4377-8d9d-0454620c202b,2018-07-07 07:47:35,Running,,4.19,22:39,5:24,11.11,299.0,19,,"","",2018-07-07-074735.gpx
87c96f05-f11b-4142-8c84-091836d63da6,2018-07-06 07:54:34,Running,,4.25,22:51,5:23,11.15,300.0,21,,"","",2018-07-06-075434.gpx
ab9cf695-c9ba-489d-b409-9fae78396393,2018-07-05 07:43:05,Running,,10.14,1:01:17,6:03,9.92,741.0,153,,"","",2018-07-05-074305.gpx
f94f9b63-9af9-4ee7-93d3-02f9359151d8,2018-07-04 07:15:19,Running,,4.18,23:36,5:39,10.63,297.0,21,,"","",2018-07-04-071519.gpx
8daacfac-561b-4782-8fb8-8a48aba43d7f,2018-07-03 07:26:34,Running,,10.57,1:10:45,6:42,8.97,802.0,324,,"","",2018-07-03-072634.gpx
92319466-2b9e-4632-8b73-d767d87e889b,2018-07-02 08:04:50,Running,,4.18,22:12,5:19,11.29,297.0,20,,"","",2018-07-02-080450.gpx
1f83ee96-122a-4a6c-8fa7-1adf163a8832,2018-07-01 07:48:13,Running,,4.17,21:56,5:16,11.40,296.0,20,,"","",2018-07-01-074813.gpx
6d7b8158-2eda-485e-88aa-e89c1e26afc6,2018-06-30 10:06:05,Running,,10.34,1:06:37,6:27,9.31,787.0,322,,"","",2018-06-30-100605.gpx
a1e1cd2b-72be-415c-9cb6-ea943d5c6e7b,2018-06-29 17:04:36,Running,,4.08,21:21,5:14,11.48,291.0,18,,"","",2018-06-29-170436.gpx
7a8a58ad-64a0-41ba-a725-5398523ba503,2018-06-28 07:31:17,Running,,10.31,59:52,5:48,10.34,763.0,177,,"","",2018-06-28-073117.gpx
c7230bf4-dd3a-466d-9879-31d3280d3883,2018-06-27 07:43:39,Running,,4.19,22:01,5:15,11.43,298.0,20,,"","",2018-06-27-074339.gpx
274bf3fe-c667-40c7-a1c6-baa8b2f06fb1,2018-06-26 07:20:30,Running,,8.01,38:45,4:50,12.40,565.0,35,,"","",2018-06-26-072030.gpx
4f098d94-56d3-4389-be4f-b34796cbefe0,2018-06-25 08:07:13,Running,,4.12,23:05,5:36,10.71,290.0,18,,"","",2018-06-25-080713.gpx
25f9d0cb-107a-413f-8529-3c7621720071,2018-06-24 09:18:00,Running,,4.83,43:06,8:56,6.72,288.0,23,,"","",2018-06-24-091800.gpx
67c6cbb7-9ff0-49bd-89a0-67aa78fa9a55,2018-06-23 10:34:11,Running,,9.57,1:03:36,6:39,9.03,727.0,300,,"","",2018-06-23-103411.gpx
80240e92-2a43-4c12-9db4-43a11c503012,2018-06-22 07:54:53,Running,,4.36,23:35,5:25,11.09,303.0,20,,"","",2018-06-22-075453.gpx
6b2c0704-f5ea-45c4-8207-5f067b381c2f,2018-06-21 07:50:57,Running,,10.13,1:00:40,5:59,10.02,739.0,150,,"","",2018-06-21-075057.gpx
320e0029-ec96-491a-8a96-c719c2b92ee6,2018-06-20 08:07:22,Running,,4.08,23:16,5:42,10.52,287.0,18,,"","",2018-06-20-080722.gpx
1a19a713-c092-47a3-85fc-601333b53434,2018-06-19 07:38:00,Running,,10.18,1:00:08,5:54,10.16,747.0,149,,"","",2018-06-19-073800.gpx
4d3ddbed-f793-4dae-ae01-4abdd89e2b38,2018-06-18 08:04:33,Running,,4.12,22:35,5:29,10.95,293.0,18,,"","",2018-06-18-080433.gpx
e68e926e-bbb5-4d40-8bef-8b791f8ab404,2018-06-17 11:08:36,Running,,4.15,22:50,5:30,10.91,296.0,19,,"","",2018-06-17-110836.gpx
28bfd98b-41ee-4ff1-90b3-bbe9e19b8106,2018-06-16 09:52:17,Running,,10.14,1:03:33,6:16,9.57,740.0,148,,"","",2018-06-16-095217.gpx
21180d48-bad8-4632-911c-d15dc452b9a8,2018-06-15 07:50:37,Running,,3.79,22:30,5:56,10.12,270.0,19,,"","",2018-06-15-075037.gpx
7259a730-c452-4e07-9dd0-a10fc1a57496,2018-06-14 07:39:40,Running,,10.04,1:03:17,6:18,9.52,730.0,145,,"","",2018-06-14-073940.gpx
d3fc9581-02ba-4507-9bd7-4512ff5bd1d5,2018-06-13 08:03:59,Running,,4.25,25:06,5:54,10.16,300.0,20,,"","",2018-06-13-080359.gpx
ac0095ca-15c7-447b-aab2-dd2c71ddfa32,2018-06-12 07:46:04,Running,,9.81,1:00:59,6:13,9.65,711.0,123,,"","",2018-06-12-074604.gpx
54d5b649-5e68-4387-bf5e-42fdbc202cbf,2018-06-11 07:51:14,Running,,4.16,23:02,5:32,10.85,296.0,19,,"","",2018-06-11-075114.gpx
7da31b0c-91b0-439a-846f-6b917b8e4312,2018-06-10 09:31:26,Running,,4.03,22:40,5:38,10.66,287.0,18,,"","",2018-06-10-093126.gpx
24506ad2-e472-4732-af61-2b4f56a1a413,2018-06-09 09:46:18,Running,,9.05,54:56,6:04,9.88,661.0,109,,"","",2018-06-09-094618.gpx
31967409-e7fd-40e9-ac45-b32b2ecfaa73,2018-06-08 07:54:23,Running,,3.69,20:52,5:39,10.61,262.0,16,,"","",2018-06-08-075423.gpx
228e3654-a82e-4095-9b16-5088785deff8,2018-06-07 07:41:24,Running,,8.29,47:58,5:47,10.37,597.0,68,,"","",2018-06-07-074124.gpx
a09f0989-dcba-4a9f-a6c4-fd29fa2525bf,2018-06-06 07:41:30,Running,,3.71,21:05,5:41,10.56,263.0,16,,"","",2018-06-06-074130.gpx
80a60703-b6a4-4f7a-a413-fd47569c445a,2018-06-05 07:52:34,Running,,7.75,46:32,6:00,9.99,557.0,59,,"","",2018-06-05-075234.gpx
1e094a50-e247-43a0-b012-0eb40bad19c5,2018-06-04 07:41:47,Running,,3.33,18:41,5:37,10.69,234.0,14,,"","",2018-06-04-074147.gpx
c0a518d7-8cb7-4014-8b9c-6386f50519b6,2018-06-03 09:34:28,Running,,7.25,39:43,5:29,10.95,518.0,36,,"","",2018-06-03-093428.gpx
612f4adf-8f8c-431a-97d6-978dbc30abcf,2018-06-02 05:45:09,Running,,3.06,15:57,5:13,11.49,217.0,13,,"","",2018-06-02-054509.gpx
edbba20e-b0f3-4c7e-b6d1-5d5bc6f6eaa7,2018-06-01 17:34:43,Running,,3.26,18:11,5:34,10.77,233.0,15,,"","",2018-06-01-173443.gpx
ff2259a9-5e4d-4a04-b17a-11acff9cac03,2018-05-31 09:51:59,Running,,6.38,34:56,5:29,10.96,455.0,28,,"","",2018-05-31-095159.gpx
21e3c148-19a8-4d9d-b264-b8c789bf4c34,2018-05-30 07:48:14,Running,,3.25,19:03,5:52,10.23,231.0,15,,"","",2018-05-30-074814.gpx
e89f6b23-f162-4378-8f24-8a761c3c8522,2018-05-29 07:44:04,Running,,6.47,35:15,5:27,11.02,460.0,29,,"","",2018-05-29-074404.gpx
e0d7b0d7-3aa1-4448-a679-509f584fb141,2018-05-28 07:50:33,Running,,3.23,17:32,5:26,11.04,230.0,15,,"","",2018-05-28-075033.gpx
9d2aa431-bf65-4f34-b727-2d4386204115,2018-05-27 09:01:11,Running,,4.74,26:00,5:29,10.94,338.0,21,,"","",2018-05-27-090111.gpx
5fa16cf1-ab8c-4a89-9471-a0a3bc4bc97c,2018-05-26 08:27:23,Running,,4.96,26:53,5:25,11.07,353.0,22,,"","",2018-05-26-082723.gpx
70953e18-5c83-4e34-9262-ed2e91ef3f4e,2018-05-25 08:28:40,Running,,3.26,17:24,5:21,11.23,231.0,15,,"","",2018-05-25-082840.gpx
6b24d7cd-6b49-4cd2-b21a-9d2a694df6d3,2018-05-24 07:57:14,Running,,4.65,25:14,5:26,11.05,329.0,20,,"","",2018-05-24-075714.gpx
e464288c-9c1f-4f2a-9114-a0b0ee8b5b17,2018-05-23 08:16:48,Running,,4.47,23:59,5:22,11.18,318.0,22,,"","",2018-05-23-081648.gpx
f5a6b4ad-e6d7-43c7-8852-5b9dcf7a5796,2018-05-22 08:00:09,Running,,3.66,19:30,5:19,11.27,262.0,17,,"","",2018-05-22-080009.gpx
ed5e65d4-6daa-49c9-903c-dcb0c541cc3b,2018-05-21 08:05:10,Running,,4.37,24:55,5:42,10.53,311.0,21,,"","",2018-05-21-080510.gpx
50ad59d5-58ce-495a-b59e-d648bdc78844,2018-05-20 13:38:24,Running,,4.05,22:34,5:34,10.77,287.0,18,,"","",2018-05-20-133824.gpx
df8b699e-e808-49bb-9fbd-0d8aab4482c5,2018-05-19 09:37:06,Running,,3.78,22:04,5:50,10.29,268.0,16,,"","",2018-05-19-093706.gpx
2b84069c-fd0d-4a16-8471-f194871461b0,2018-05-18 06:50:36,Running,,5.28,28:03,5:19,11.29,375.0,20,,"","",2018-05-18-065036.gpx
160a3055-0f24-45f7-8ddb-6624c7dc83ff,2018-05-17 05:49:00,Running,,4.93,29:29,5:59,10.04,355.0,32,,"","",2018-05-17-054900.gpx
6a2dae59-63fd-43eb-aee6-800b7e48bdfa,2018-05-16 05:35:22,Running,,2.66,13:49,5:12,11.55,189.0,11,,"","",2018-05-16-053522.gpx
a4445109-16ea-4303-8f59-9f7c983c37ad,2018-05-15 06:11:22,Running,,4.12,20:02,4:52,12.33,293.0,18,,"","",2018-05-15-061122.gpx
a65658cd-5567-46e5-bd3b-c36ff291de12,2018-05-14 18:38:41,Running,,2.03,10:34,5:12,11.55,145.0,10,,"","",2018-05-14-183841.gpx
72fbee54-7dfd-43ac-afce-b4d10b7951e7,2018-05-13 09:14:22,Running,,7.38,40:43,5:31,10.87,546.0,107,,"","",2018-05-13-091422.gpx
b05a468f-b03b-4713-b988-175306471614,2018-05-12 09:02:17,Running,,3.05,15:18,5:01,11.95,223.0,31,,"","",2018-05-12-090217.gpx
a5b25b0e-c43e-4398-aaca-6086e6b7e104,2018-05-11 09:17:12,Running,,5.00,26:04,5:13,11.52,374.0,77,,"","",2018-05-11-091712.gpx
0f91eff6-da49-4c4a-af8d-91ce95e0bf9f,2018-05-10 12:12:00,Running,,3.00,15:00,5:00,12.00,222.0,0,,"","",
ec19b810-0153-4234-9e2d-35e5cdb71c1d,2018-05-09 09:18:31,Running,,4.06,20:51,5:08,11.70,299.0,46,,"","",2018-05-09-091831.gpx
96b46b83-a5a9-4f5a-ae6d-73fca993c8c3,2018-05-08 09:28:18,Running,,2.00,9:59,4:59,12.03,144.0,14,,"","",2018-05-08-092818.gpx
52557677-7d0a-4dd1-aa1c-d12fdc0876f9,2018-05-07 09:58:46,Running,,3.02,15:31,5:08,11.67,222.0,32,,"","",2018-05-07-095846.gpx
f7f22232-4130-40d2-8999-d9d768f15103,2018-05-06 10:18:20,Running,,2.84,13:46,4:51,12.36,202.0,9,,"","",2018-05-06-101820.gpx
bbc5f94d-cd20-4ce6-9f10-9f5f4c4aa158,2018-05-05 08:40:54,Running,,3.03,15:12,5:01,11.96,223.0,31,,"","",2018-05-05-084054.gpx
c9e292c1-07bb-4572-a970-cc856e05234e,2018-05-04 08:17:10,Running,,5.02,26:47,5:20,11.24,376.0,76,,"","",2018-05-04-081710.gpx
30b20bbd-2001-4842-98b8-5ff38dc8ffec,2018-05-03 07:41:53,Running,,3.03,15:20,5:04,11.85,222.0,32,,"","",2018-05-03-074153.gpx
88375f66-01d6-4ae5-baf6-451317d1b770,2018-05-02 09:08:54,Running,,4.04,20:17,5:02,11.94,297.0,44,,"","",2018-05-02-090854.gpx
66071cfb-25da-4ba5-959a-8cc190c4b8d6,2018-05-01 10:26:57,Running,,3.02,14:53,4:56,12.18,222.0,31,,"","",2018-05-01-102657.gpx
7db5501b-917a-4f10-95d1-29ce974ee896,2018-04-30 09:58:13,Running,,3.04,14:55,4:55,12.22,221.0,27,,"","",2018-04-30-095813.gpx
f6cec1b2-8ab0-4b55-840c-f0ddf2363bc8,2018-04-29 10:09:08,Running,,3.06,15:03,4:55,12.22,224.0,30,,"","",2018-04-29-100908.gpx
2fec88f0-9b0d-420b-9dc8-91b51bce314e,2018-04-28 09:47:45,Running,,3.02,16:15,5:22,11.17,221.0,31,,"","",2018-04-28-094745.gpx
ddbdfd2f-2c52-4228-87f2-0beeab5bad33,2018-04-27 11:25:43,Running,,3.02,15:22,5:05,11.81,222.0,30,,"","",2018-04-27-112543.gpx
a048b243-1f8d-4ea1-a66e-3a81973c4ab4,2018-04-26 13:20:18,Running,,2.03,11:36,5:43,10.49,147.0,14,,"","",2018-04-26-132018.gpx
b897a86d-4655-4db7-b0b6-2d6cbae9257d,2018-04-25 10:24:23,Running,,2.01,9:59,4:59,12.05,145.0,15,,"","",2018-04-25-102423.gpx
e30bd60a-0850-49d9-a83a-a7a0db1b4902,2018-04-24 09:44:29,Running,,3.04,15:30,5:06,11.76,223.0,31,,"","",2018-04-24-094429.gpx
a01c743b-38ea-43ac-96e0-e4527ad18305,2018-04-23 08:49:25,Running,,1.86,9:35,5:09,11.64,134.0,12,,"","",2018-04-23-084925.gpx
7a7f3b1f-b683-440e-8dec-2debf50ef8e2,2018-04-22 09:00:17,Running,,1.89,9:50,5:12,11.53,136.0,13,,"","",2018-04-22-090017.gpx
852c62a4-e44f-4088-8a18-7aa4d3fb2636,2018-04-21 07:32:16,Running,,1.90,9:28,5:00,12.02,136.0,13,,"","",2018-04-21-073216.gpx
d68ca6c2-4dbc-4003-a402-16a0df9dd027,2018-04-20 09:46:55,Running,,2.03,11:33,5:41,10.55,151.0,37,,"","",2018-04-20-094655.gpx
e22cc22d-3804-481e-9fd1-52dcda12e316,2018-04-19 10:38:37,Running,,1.90,9:58,5:16,11.41,137.0,13,,"","",2018-04-19-103837.gpx
d3a39a25-d3bf-422b-9dfe-a2be58aff089,2018-04-18 09:06:22,Running,,4.90,28:06,5:44,10.47,350.0,31,,"","",2018-04-18-090622.gpx
1b6ee7e3-815c-470a-ba5d-7ca2b2993c57,2018-04-17 17:36:11,Running,,1.92,10:05,5:14,11.45,139.0,15,,"","",2018-04-17-173611.gpx
b4fa767e-70cc-4a6e-93e7-5c0f87de8a55,2018-04-16 08:48:39,Running,,1.93,10:04,5:12,11.53,139.0,14,,"","",2018-04-16-084839.gpx
09f0b5be-e564-4d7d-aa13-a0463e50fdf6,2018-04-15 09:09:24,Running,,4.80,24:25,5:05,11.81,346.0,30,,"","",2018-04-15-090924.gpx
6231dde0-0151-465e-af8b-4101e5aa430a,2018-04-14 10:41:42,Running,,3.02,15:20,5:04,11.82,221.0,30,,"","",2018-04-14-104142.gpx
4ada821a-c09f-4d51-b682-52052892cac2,2018-04-13 11:14:06,Running,,2.00,10:31,5:15,11.44,144.0,14,,"","",2018-04-13-111406.gpx
3b53e29d-5e34-47b7-8b49-14e1ffead944,2018-04-12 06:46:27,Running,,2.00,12:08,6:04,9.90,142.0,15,,"","",2018-04-12-064627.gpx
113ed7b0-77bc-450e-80f5-da9ff697f6d0,2018-04-11 08:46:39,Running,,2.01,10:49,5:23,11.16,145.0,15,,"","",2018-04-11-084639.gpx
f8570948-10ae-4e67-83b7-306f4353a489,2018-04-10 08:26:42,Running,,3.10,15:49,5:06,11.77,227.0,32,,"","",2018-04-10-082642.gpx
8fb68cd6-0d66-4082-ae23-77eedd25b9c7,2018-04-09 08:39:49,Running,,2.02,10:36,5:15,11.43,146.0,15,,"","",2018-04-09-083949.gpx
0c588181-c377-4ff6-9504-125965b8bbd7,2018-04-08 17:09:16,Running,,1.99,10:36,5:20,11.25,143.0,14,,"","",2018-04-08-170916.gpx
68d43016-4ad1-4ba5-a640-a14ac1835778,2018-04-07 10:47:12,Running,,2.00,10:17,5:08,11.69,145.0,15,,"","",2018-04-07-104712.gpx
4aa3e517-da57-48f5-9ab2-7a58fe525f83,2018-04-06 08:12:03,Running,,1.98,10:22,5:14,11.48,143.0,14,,"","",2018-04-06-081203.gpx
a78bfcbe-ec08-415f-adb1-91d26be85241,2018-04-05 09:33:32,Running,,2.02,10:28,5:10,11.61,146.0,15,,"","",2018-04-05-093332.gpx
ff559282-6e13-4f66-896c-b5bb0b4a15af,2018-04-04 08:09:38,Running,,1.99,10:28,5:16,11.40,144.0,14,,"","",2018-04-04-080938.gpx
b34888ab-cdb9-42bf-88ba-26bf2cd9c3d9,2018-04-03 06:41:18,Running,,2.01,10:26,5:11,11.57,145.0,14,,"","",2018-04-03-064118.gpx
660f5c7e-16c7-474d-aa7e-00f8a0630dc4,2018-04-02 10:46:29,Running,,2.00,11:18,5:38,10.64,144.0,15,,"","",2018-04-02-104629.gpx
58674900-8b3f-449d-959e-14fd6a47ce79,2018-04-01 11:33:06,Running,,2.02,10:26,5:09,11.64,146.0,14,,"","",2018-04-01-113306.gpx
754bccd6-be7a-4ede-abaa-be4653d9dae6,2018-03-31 10:40:20,Running,,1.99,11:17,5:41,10.57,143.0,14,,"","",2018-03-31-104020.gpx
66bfb974-df87-4204-9763-14edb3c54903,2018-03-30 08:28:11,Running,,3.04,15:52,5:13,11.50,223.0,32,,"","",2018-03-30-082811.gpx
669fb006-7ed3-4a91-b422-bb4546b7902d,2018-03-29 07:30:53,Running,,2.00,10:07,5:03,11.88,145.0,15,,"","",2018-03-29-073053.gpx
5ae82c82-3119-4948-aea4-223bd00381b5,2018-03-28 08:29:59,Running,,1.99,9:53,4:58,12.08,143.0,14,,"","",2018-03-28-082959.gpx
3e18b0e7-27d1-4176-b890-8aadff653956,2018-03-27 06:59:16,Running,,2.01,9:26,4:42,12.77,144.0,15,,"","",2018-03-27-065916.gpx
7e9c7012-c612-4bce-a812-4009787fc059,2018-03-26 09:34:52,Running,,1.98,9:56,5:01,11.95,141.0,8,,"","",2018-03-26-093452.gpx
9ae697b6-551b-4bce-a4df-7ce8a3f8de4b,2018-03-25 08:30:41,Running,,1.99,10:12,5:07,11.71,143.0,14,,"","",2018-03-25-083041.gpx
e59b1fa8-f9e7-4e9d-8cdf-dff620f3dece,2018-03-24 09:21:53,Running,,3.09,16:23,5:19,11.30,226.0,33,,"","",2018-03-24-092153.gpx
bf1f8ea2-6621-4818-9c81-73ba9f81f289,2018-03-23 23:32:13,Running,,1.80,9:40,5:22,11.18,130.0,13,,"","",2018-03-23-233213.gpx
c1064b67-6964-4785-af51-d9b9e9ee2dc5,2018-03-22 09:31:14,Running,,2.02,10:35,5:14,11.46,146.0,15,,"","",2018-03-22-093114.gpx
e472000f-4190-45ba-8c46-c869a37cec5f,2018-03-21 08:41:25,Running,,2.03,10:04,4:58,12.08,145.0,14,,"","",2018-03-21-084125.gpx
1e33b5ed-b632-48b2-8189-915ab88cfaaa,2018-03-20 06:36:59,Running,,1.91,9:33,5:00,11.99,137.0,14,,"","",2018-03-20-063659.gpx
614efb18-1768-472a-8fb4-132b90e29413,2018-03-19 08:31:46,Running,,1.90,9:51,5:11,11.59,137.0,14,,"","",2018-03-19-083146.gpx
9bd7fbcb-2e98-4604-82e9-ce85c2d018f2,2018-03-18 10:57:36,Running,,1.83,9:54,5:24,11.11,161.0,97,,"","",2018-03-18-105736.gpx
dfe262c4-42a6-42be-ad81-3638fea5e597,2018-03-17 10:11:06,Running,,1.90,9:42,5:07,11.73,170.0,115,,"","",2018-03-17-101106.gpx
e60ab2b7-ffde-4299-a6be-0d672f22a232,2018-03-16 09:29:24,Running,,1.92,10:36,5:32,10.86,139.0,14,,"","",2018-03-16-092924.gpx
859f1644-69a5-40bc-aea9-6c352d32674a,2018-03-15 09:29:25,Running,,2.54,13:22,5:15,11.41,184.0,21,,"","",2018-03-15-092925.gpx
da8d9043-f85c-4165-9178-2c9052d8bc47,2018-03-14 08:47:14,Running,,1.88,9:58,5:18,11.31,134.0,13,,"","",2018-03-14-084714.gpx
7a1dadb5-1f35-4b7e-99dc-c8bd01bf8e0e,2018-03-13 06:54:08,Running,,1.91,9:45,5:06,11.75,137.0,15,,"","",2018-03-13-065408.gpx
4d616eda-5cf9-41b1-854f-8eead7c0b268,2018-03-12 08:38:21,Running,,3.06,16:25,5:22,11.18,224.0,30,,"","",2018-03-12-083821.gpx
69317e13-a3f7-479f-b221-e7856c617831,2018-03-11 11:04:38,Running,,5.02,27:37,5:30,10.91,376.0,75,,"","",2018-03-11-110438.gpx
eb6e3127-c1a2-456f-9e02-5b6a5c0d5854,2018-03-10 07:50:02,Running,,3.10,15:58,5:09,11.66,228.0,31,,"","",2018-03-10-075002.gpx
f99e7000-e7c9-46cc-9454-6b2e4d2af013,2018-03-09 08:28:17,Running,,3.09,16:06,5:12,11.52,226.0,31,,"","",2018-03-09-082817.gpx
800ca03a-3818-4c48-a4cd-4a695ad1ed12,2018-03-08 08:07:54,Running,,2.04,10:21,5:04,11.83,146.0,14,,"","",2018-03-08-080754.gpx
e1aae8e9-6a08-4b1c-be60-49cf889c997e,2018-03-07 16:51:40,Running,,3.09,15:02,4:52,12.31,226.0,31,,"","",2018-03-07-165140.gpx
a9ccc64f-6e48-4702-8092-61d0ae3a9967,2018-03-06 06:45:39,Running,,1.99,10:07,5:05,11.81,143.0,14,,"","",2018-03-06-064539.gpx
f84d85e2-e79f-4a30-bd7c-c5f8309b43eb,2018-03-05 09:47:28,Running,,2.03,10:09,5:00,11.99,145.0,14,,"","",2018-03-05-094728.gpx
55bdebad-390e-4a14-8745-b8d864c1d852,2018-03-04 09:02:25,Running,,4.73,25:24,5:23,11.16,352.0,69,,"","",2018-03-04-090225.gpx
ba585dfd-e20b-45c3-b16f-fd6d64a2ac07,2018-03-03 09:25:57,Running,,1.98,12:12,6:10,9.72,141.0,13,,"","",2018-03-03-092557.gpx
6023200b-a2bd-432d-9f64-62dc202a8bc2,2018-03-02 08:22:01,Running,,2.02,11:52,5:53,10.20,144.0,13,,"","",2018-03-02-082201.gpx
ca2d671d-8a77-4f76-b7b0-4ec2fd62fdec,2018-03-01 08:10:46,Running,,2.03,10:26,5:08,11.69,146.0,13,,"","",2018-03-01-081046.gpx
a17be50e-9b1b-4c10-8bed-dde45edc9e1f,2018-02-28 08:42:42,Running,,2.04,10:37,5:13,11.52,147.0,14,,"","",2018-02-28-084242.gpx
99ae2cf9-2354-4c8b-b1bd-4e724f5fd31e,2018-02-27 18:24:31,Running,,2.02,11:03,5:28,10.98,146.0,14,,"","",2018-02-27-182431.gpx
e71bf945-4e35-4ead-a596-39d158a84c69,2018-02-26 08:50:51,Running,,2.02,9:57,4:55,12.19,145.0,13,,"","",2018-02-26-085051.gpx
69ca0194-3a9e-4086-93e0-dfe7a247a18a,2018-02-25 10:08:55,Running,,3.08,16:08,5:14,11.46,226.0,31,,"","",2018-02-25-100855.gpx
9a67fbca-40b7-458d-93f2-5afabe75e246,2018-02-24 11:01:48,Running,,2.02,9:53,4:53,12.28,145.0,15,,"","",2018-02-24-110148.gpx
044893fc-6990-4754-b3b3-8e7881d439ef,2018-02-23 08:43:48,Running,,2.03,10:50,5:20,11.24,147.0,15,,"","",2018-02-23-084348.gpx
26e139fe-6a33-47db-92d2-9b032cf847f3,2018-02-22 10:28:27,Running,,3.16,16:17,5:09,11.65,232.0,32,,"","",2018-02-22-102827.gpx
a895be97-99f0-4e41-80b2-c91669f9d214,2018-02-21 10:52:21,Running,,1.90,9:56,5:14,11.46,137.0,14,,"","",2018-02-21-105221.gpx
567236f1-9e9a-4f35-9178-96693bdf1a03,2018-02-20 10:10:53,Running,,1.92,9:56,5:10,11.60,139.0,15,,"","",2018-02-20-101053.gpx
90dc0ba9-f55c-43c9-b9c7-10fec4692fb5,2018-02-19 10:12:39,Running,,5.22,27:27,5:15,11.42,376.0,34,,"","",2018-02-19-101239.gpx
983c3473-3dac-4be5-ba52-c7c301793475,2018-02-18 09:39:27,Running,,5.21,28:31,5:28,10.96,375.0,35,,"","",2018-02-18-093927.gpx
99f7611d-e3aa-442b-a9db-cc75f7a35fc4,2018-02-17 10:22:21,Running,,2.72,15:04,5:32,10.84,197.0,20,,"","",2018-02-17-102221.gpx
9c98f503-fa2b-4ce7-bed7-fa572315827d,2018-02-16 08:37:42,Running,,1.89,10:04,5:19,11.27,137.0,14,,"","",2018-02-16-083742.gpx
107ac238-66ba-4e38-9590-02602237ddf4,2018-02-15 08:33:55,Running,,1.94,9:54,5:06,11.75,139.0,14,,"","",2018-02-15-083355.gpx
6bd39ca0-d25c-4062-b124-0020b1772752,2018-02-14 08:19:24,Running,,1.90,10:29,5:32,10.85,135.0,14,,"","",2018-02-14-081924.gpx
106a8f50-d002-4990-9b04-0e834c872b01,2018-02-13 19:08:37,Running,,1.71,13:06,7:40,7.83,127.0,16,,"","",2018-02-13-190837.gpx
75159bc2-ab24-49a7-8ee8-4d0b48e4b6b8,2018-02-12 19:28:24,Running,,1.89,9:24,4:58,12.07,136.0,15,,"","",2018-02-12-192824.gpx
19d67644-70f7-4da6-82c2-207438250605,2018-02-11 09:22:48,Running,,2.03,10:55,5:22,11.17,146.0,13,,"","",2018-02-11-092248.gpx
f3981f03-c5b0-490c-8305-f7261740f9ae,2018-02-10 13:40:14,Running,,3.87,20:22,5:15,11.41,283.0,40,,"","",2018-02-10-134014.gpx
8e089cf4-54ae-47b3-a5d0-8e1c7289c83d,2018-02-09 14:17:57,Running,,4.17,23:18,5:36,10.73,304.0,43,,"","",2018-02-09-141757.gpx
b7d2eb15-dbbd-4c35-ade7-e16372137e61,2018-02-08 09:06:35,Running,,2.02,12:59,6:26,9.32,145.0,15,,"","",2018-02-08-090635.gpx
bfc8d32a-25a2-427e-93f0-5be723e325bf,2018-02-07 08:35:41,Running,,2.01,10:14,5:05,11.79,146.0,14,,"","",2018-02-07-083541.gpx
dac975d7-3ea4-4763-bb59-b6d145e28d54,2018-02-06 07:20:32,Running,,2.01,10:22,5:09,11.65,145.0,15,,"","",2018-02-06-072032.gpx
c077c82e-f491-4170-9da5-7a4cce7dc90e,2018-02-05 08:09:01,Running,,3.18,17:26,5:29,10.94,232.0,33,,"","",2018-02-05-080901.gpx
608944f1-bd81-40e2-9ce2-3677d1fe081a,2018-02-04 11:21:36,Running,,2.01,10:58,5:27,11.02,144.0,12,,"","",2018-02-04-112136.gpx
17fd51b3-a1ac-4ee3-be1f-0c65015e4034,2018-02-03 09:45:29,Running,,2.02,11:23,5:38,10.64,145.0,15,,"","",2018-02-03-094529.gpx
5ed30080-0cb5-40a5-8b65-74763bbbeea0,2018-02-02 08:27:20,Running,,2.02,10:26,5:10,11.62,146.0,15,,"","",2018-02-02-082720.gpx
33760fba-0e49-44f7-90e5-aced564a4a7f,2018-02-01 08:18:55,Running,,2.02,10:24,5:09,11.64,146.0,15,,"","",2018-02-01-081855.gpx
7194179d-6acf-47b6-8052-82e001f7224d,2018-01-31 07:15:14,Running,,2.02,10:11,5:02,11.92,146.0,14,,"","",2018-01-31-071514.gpx
02194003-71f2-4a5a-bfd2-3024ad409492,2018-01-29 08:23:52,Running,,2.01,13:58,6:57,8.63,148.0,15,,"","",2018-01-29-082352.gpx
af8a3cca-f12e-4f60-ac62-bec1aa701757,2018-01-28 10:12:39,Running,,2.03,11:01,5:25,11.08,148.0,14,,"","",2018-01-28-101239.gpx
78b4f9b2-b47f-4f37-b753-f2cc1c1c8c3d,2018-01-27 09:49:19,Running,,2.03,10:11,5:01,11.95,146.0,15,,"","",2018-01-27-094919.gpx
c090bf59-a211-4a74-940b-ba66d693a634,2018-01-26 11:48:16,Running,,2.01,9:57,4:57,12.12,145.0,14,,"","",2018-01-26-114816.gpx
f7a80f63-fc2b-4499-b97c-fd6357683387,2018-01-25 08:43:46,Running,,2.01,10:37,5:17,11.35,144.0,14,,"","",2018-01-25-084346.gpx
3eb21dfb-8da9-482a-a271-78f455287f82,2018-01-24 08:13:53,Running,,2.03,10:29,5:09,11.64,147.0,15,,"","",2018-01-24-081353.gpx
dd53a5da-1e7e-48c8-a8d3-2bbcff1e64ce,2018-01-23 06:23:27,Running,,2.03,10:01,4:56,12.18,147.0,14,,"","",2018-01-23-062327.gpx
fc5ada29-41d8-42db-b34d-b84d1b2be9e4,2018-01-22 08:34:12,Running,,2.01,10:27,5:12,11.54,144.0,15,,"","",2018-01-22-083412.gpx
285a42a8-3a20-4031-b5ef-ebd0603eaa1a,2018-01-21 10:13:29,Running,,3.03,15:15,5:02,11.91,222.0,31,,"","",2018-01-21-101329.gpx
52e702fc-4ec0-408c-b15b-6440671edf17,2018-01-20 09:29:10,Running,,2.01,10:51,5:24,11.10,145.0,14,,"","",2018-01-20-092910.gpx
19a81d21-ba52-420d-ab8d-4f546a4552bd,2018-01-19 11:42:49,Running,,2.04,10:35,5:11,11.56,147.0,14,,"","",2018-01-19-114249.gpx
5f990db3-aace-4065-9160-fec41f165a80,2018-01-18 09:13:57,Running,,3.04,17:15,5:40,10.59,222.0,31,,"","",2018-01-18-091357.gpx
0d7da173-f40c-43d6-9b69-bb3c8f792070,2018-01-17 08:24:04,Running,,2.03,11:16,5:32,10.83,145.0,13,,"","Real sick",2018-01-17-082404.gpx
98dc68b7-0aea-4563-987a-19dc297fad9a,2018-01-16 06:37:41,Running,,2.01,10:27,5:12,11.55,144.0,13,,"","",2018-01-16-063741.gpx
fcf85508-c770-4de7-bcb5-85fbaf0081ff,2018-01-15 08:14:04,Running,,2.00,10:34,5:16,11.38,145.0,14,,"","",2018-01-15-081404.gpx
0a35c5cb-fe39-4a59-886f-e87c97a19b63,2018-01-14 09:37:32,Running,,4.17,21:50,5:14,11.46,305.0,47,,"","",2018-01-14-093732.gpx
4f5be929-a5d0-4a85-8490-19afc5af1815,2018-01-13 10:57:56,Running,,3.12,15:15,4:53,12.29,225.0,29,,"","",2018-01-13-105756.gpx
b20f2025-4adf-4756-b035-62eec80489d4,2018-01-12 08:14:24,Running,,2.02,10:14,5:04,11.84,145.0,15,,"","",2018-01-12-081424.gpx
f059a0f2-48f4-4baf-982c-399ac6ff20dc,2018-01-11 09:25:39,Running,,2.03,11:01,5:25,11.06,147.0,14,,"","",2018-01-11-092539.gpx
a769e47b-ea8c-406c-aab9-a834f8148c13,2018-01-10 11:24:41,Running,,2.04,11:04,5:26,11.05,147.0,14,,"","",2018-01-10-112441.gpx
e4844185-e759-4901-9fad-382ad29a14cf,2018-01-09 17:10:37,Running,,2.01,10:23,5:11,11.59,144.0,14,,"","",2018-01-09-171037.gpx
8ca5ff54-0ff9-47f2-91cf-afa92a200885,2018-01-08 08:02:42,Running,,1.99,10:14,5:09,11.64,138.0,14,,"","",2018-01-08-080242.gpx
73016780-84bb-40df-a0fe-51bde7e47db3,2018-01-07 11:20:21,Running,,1.87,9:59,5:20,11.25,135.0,13,,"","",2018-01-07-112021.gpx
bb47fbe2-ef37-4368-b673-8ed4c0f5b13e,2018-01-06 11:19:53,Running,,1.89,9:55,5:15,11.44,135.0,13,,"","Hangover lol",2018-01-06-111953.gpx
564329e8-af6c-40ae-b0e6-f469ff80cc29,2018-01-05 09:47:01,Running,,1.86,10:50,5:49,10.30,133.0,11,,"","Lots of camping in right side",2018-01-05-094701.gpx
b6d0371c-54bb-4240-a5dd-e04b13b39358,2018-01-04 09:12:28,Running,,2.82,16:14,5:46,10.42,213.0,48,,"","",2018-01-04-091228.gpx
22fc1784-376a-4646-a24a-f18203622fc5,2018-01-03 09:51:38,Running,,2.00,10:26,5:13,11.49,144.0,14,,"","",2018-01-03-095138.gpx
7892f623-7e5b-4cd5-86f1-662fb907c8e8,2018-01-02 11:06:12,Running,,3.01,15:12,5:03,11.87,221.0,30,,"","",2018-01-02-110612.gpx
c6903f7d-ed0d-4122-803e-18e386f22d54,2018-01-01 17:11:36,Running,,2.02,10:32,5:13,11.51,146.0,14,,"","",2018-01-01-171136.gpx
4de635d3-6799-438a-81ee-0bcc80b7f27d,2017-12-31 10:58:28,Running,,2.00,10:37,5:18,11.31,144.0,15,,"","",2017-12-31-105828.gpx
f658cfc2-6bac-4fd2-af1b-48b3e495462a,2017-12-30 12:53:33,Running,,2.08,15:51,7:38,7.86,150.0,12,,"","Coldest day of the year- -28c",2017-12-30-125333.gpx
06da2a0b-13d8-4dbf-b68d-3121431573d1,2017-12-29 11:17:12,Running,,2.01,10:35,5:16,11.38,145.0,15,,"","",2017-12-29-111712.gpx
331efc83-9326-46f0-9b2d-66499dab8554,2017-12-28 10:48:21,Running,,2.02,10:35,5:15,11.45,146.0,15,,"","",2017-12-28-104821.gpx
3c232c68-2163-4b39-97bd-35a9a10ebb60,2017-12-27 10:28:23,Running,,1.84,10:17,5:35,10.74,134.0,14,,"","",2017-12-27-102823.gpx
5c3e6f98-28d7-4c55-b2cf-65ba9deba7e9,2017-12-26 10:30:46,Running,,1.99,10:50,5:26,11.05,144.0,17,,"","",2017-12-26-103046.gpx
aa502f9e-f282-4f35-a92c-9ea6a71e4e37,2017-12-25 11:15:38,Running,,2.01,12:07,6:02,9.94,144.0,18,,"","",2017-12-25-111538.gpx
cd15f1ce-af59-497f-b56e-d958602b331a,2017-12-24 09:38:01,Running,,2.22,11:00,4:57,12.11,160.0,13,,"","",2017-12-24-093801.gpx
9314a3a6-1d37-45ca-82fd-c6a02164a9f6,2017-12-23 10:13:37,Running,,2.10,10:56,5:12,11.54,151.0,11,,"","",2017-12-23-101337.gpx
5d01f702-3336-4527-885d-fd9dbeff44ac,2017-12-22 10:44:28,Running,,2.01,12:00,5:59,10.03,144.0,15,,"","",2017-12-22-104428.gpx
1340ac11-d8ac-47b6-a76b-e60f8f6c61f6,2017-12-21 09:27:33,Running,,2.03,11:14,5:32,10.84,146.0,13,,"","",2017-12-21-092733.gpx
e52c6efb-06ff-4dce-aa72-a1cd432568bf,2017-12-20 08:51:16,Running,,2.07,13:50,6:41,8.97,149.0,14,,"","Snowy af",2017-12-20-085116.gpx
d6a84e1e-54e9-40f0-8509-e7d075e73fda,2017-12-19 09:15:35,Running,,2.02,10:05,4:59,12.03,146.0,14,,"","",2017-12-19-091535.gpx
858ac704-ef7e-46a7-8596-cde1d574d961,2017-12-18 09:39:53,Running,,2.00,10:13,5:07,11.74,145.0,15,,"","",2017-12-18-093953.gpx
fe57689b-a4ba-46ec-aa86-1650043e7497,2017-12-17 09:33:12,Running,,2.66,15:49,5:57,10.08,193.0,29,,"","",2017-12-17-093312.gpx
9be9356d-007e-4c78-9c7d-0bf5f2d43c37,2017-12-16 08:05:19,Running,,2.00,9:51,4:55,12.18,145.0,15,,"","",2017-12-16-080519.gpx
1bf46e64-cd16-48d2-b89f-f9a1c570bc84,2017-12-15 11:09:13,Running,,2.01,10:05,5:01,11.95,145.0,15,,"","",2017-12-15-110913.gpx
09b86455-5078-4de5-907e-85ce6818cb71,2017-12-14 11:14:33,Running,,2.04,10:29,5:09,11.65,146.0,13,,"","",2017-12-14-111433.gpx
e2dac040-eefc-4124-ab2c-3af4b424c0e2,2017-12-13 09:46:11,Running,,2.03,10:14,5:03,11.89,146.0,13,,"","",2017-12-13-094611.gpx
11a0b2a5-3a7e-46f0-a6ea-8c09a58fbdc1,2017-12-12 10:51:36,Running,,2.00,12:33,6:16,9.57,144.0,15,,"","",2017-12-12-105136.gpx
a7c1fd89-856d-4b37-9951-526e686ce5bf,2017-12-11 10:21:24,Running,,2.01,9:51,4:54,12.25,146.0,16,,"","",2017-12-11-102124.gpx
1ec78e32-e24b-44e2-964f-0ab838904822,2017-12-10 13:55:43,Running,,2.01,10:38,5:17,11.37,145.0,14,,"","",2017-12-10-135543.gpx
97e5dd0a-b9b9-47cf-9e8d-26b125be91de,2017-12-09 16:33:14,Running,,3.03,16:06,5:19,11.30,222.0,31,,"","",2017-12-09-163314.gpx
256f4afc-ddd5-4965-a5e7-eeb12a4c52d8,2017-12-08 07:01:53,Running,,2.02,10:21,5:08,11.69,145.0,15,,"","",2017-12-08-070153.gpx
859ac58f-53bc-47b8-a5bd-60fe48f12b40,2017-12-07 08:40:05,Running,,2.01,11:25,5:41,10.57,144.0,15,,"","",2017-12-07-084005.gpx
fc31e867-05f7-443e-a041-22d5c19419fb,2017-12-06 07:45:18,Running,,2.01,10:16,5:06,11.77,145.0,15,,"","",2017-12-06-074518.gpx
73b20603-98b3-4a85-9c0d-56ead6496b31,2017-12-05 07:32:43,Running,,2.03,10:13,5:02,11.91,146.0,15,,"","",2017-12-05-073243.gpx
d943ab03-e930-4d7e-9be6-a2b9b4e0dc0e,2017-12-04 08:23:39,Running,,1.99,10:27,5:16,11.40,143.0,15,,"","",2017-12-04-082339.gpx
e1b92630-9d3a-4343-8a27-08f504d1d8bd,2017-12-03 08:11:17,Running,,2.49,12:53,5:11,11.59,188.0,42,,"","",2017-12-03-081117.gpx
c6a1d43d-0854-4dad-a29a-6e6492cd4db0,2017-12-02 08:33:27,Running,,2.23,12:24,5:33,10.80,168.0,37,,"","",2017-12-02-083327.gpx
fea51736-8123-4f27-a8cf-e37b1e1bfe8c,2017-12-01 07:50:18,Running,,2.02,10:25,5:09,11.64,146.0,14,,"","",2017-12-01-075018.gpx
e5e2b007-5c3c-43c5-b4bf-042e6b0fa4ca,2017-11-30 08:30:57,Running,,2.02,10:14,5:04,11.86,145.0,13,,"","",2017-11-30-083057.gpx
2e012526-011d-4c30-9e1f-4ca264770b4e,2017-11-29 08:20:58,Running,,2.18,11:12,5:08,11.70,155.0,9,,"","",2017-11-29-082058.gpx
7d10fa5d-519a-4b55-b5a8-0a6f35060de1,2017-11-28 07:41:40,Running,,2.00,10:12,5:06,11.78,143.0,14,,"","",2017-11-28-074140.gpx
584f856d-148f-4789-8ad4-74bd5e90d28d,2017-11-27 07:45:44,Running,,2.03,10:01,4:56,12.15,146.0,14,,"","",2017-11-27-074544.gpx
875bb370-73ae-4072-8b68-03281c0964e2,2017-11-26 10:07:09,Running,,2.00,9:56,4:58,12.10,145.0,15,,"","",2017-11-26-100709.gpx
ac74a8ee-9c3e-4093-9ed0-4b2014b89949,2017-11-25 09:31:03,Running,,3.06,16:05,5:15,11.41,225.0,34,,"","",2017-11-25-093103.gpx
bf99a167-6da7-4fa4-be87-1111ecbb0ca3,2017-11-24 07:38:21,Running,,2.01,10:52,5:24,11.12,144.0,15,,"","",2017-11-24-073821.gpx
e097e090-ffb6-4a90-b7e7-240966a613df,2017-11-23 17:25:49,Running,,2.04,10:13,5:01,11.97,147.0,14,,"","",2017-11-23-172549.gpx
034152bb-7c61-44c6-bc28-2998d14db309,2017-11-22 07:54:35,Running,,2.02,10:02,4:58,12.08,147.0,16,,"","",2017-11-22-075435.gpx
711c8932-7e12-4495-a624-31876d50bf79,2017-11-21 07:32:30,Running,,1.95,9:59,5:08,11.69,140.0,15,,"","",2017-11-21-073230.gpx
37e8d017-3bfc-47d2-814a-ce9d5b638abe,2017-11-20 07:41:16,Running,,1.92,10:01,5:13,11.51,139.0,14,,"","",2017-11-20-074116.gpx
61bc572b-234a-465c-9445-b634c3f62279,2017-11-19 09:44:56,Running,,5.01,25:06,5:01,11.97,363.0,35,,"","",2017-11-19-094456.gpx
701d05b4-2a48-4eb7-841c-e35f4da62ae0,2017-11-18 12:56:15,Running,,2.08,10:51,5:13,11.48,150.0,17,,"","",2017-11-18-125615.gpx
1ce23741-8600-489c-b01b-e449d0761fed,2017-11-17 17:41:36,Running,,2.02,10:20,5:07,11.73,146.0,15,,"","",2017-11-17-174136.gpx
19aeac3c-217a-410e-849f-d7b3a0644b15,2017-11-16 07:40:48,Running,,2.51,9:30,3:47,15.84,128.0,15,,"","",2017-11-16-074048.gpx
cf77c5f5-f890-472f-b081-a2f819048f94,2017-11-15 08:38:02,Running,,3.31,9:42,2:56,20.49,146.0,14,,"","",2017-11-15-083802.gpx
5fe1fea1-4a70-4be2-b46f-9d549f4c3d36,2017-11-14 07:53:12,Running,,1.67,9:02,5:25,11.07,99.0,11,,"","",2017-11-14-075312.gpx
26d4d939-84d9-435d-af22-46471de7b7c0,2017-11-13 13:46:00,Running,,1.90,9:30,5:00,12.00,140.0,0,,"","",
0577f75c-ccb0-458c-9005-6fd312d46db5,2017-11-12 13:28:25,Running,,4.67,17:02,3:39,16.43,232.0,37,,"","",2017-11-12-132825.gpx
254555d1-f122-42e2-8f76-c2a59cbfeaf4,2017-11-11 12:09:58,Running,,4.44,27:57,6:18,9.53,319.0,80,,"","",2017-11-11-120958.gpx
3d742ef7-95f7-40ea-b035-4a444be3963d,2017-11-10 18:27:33,Running,,2.38,9:59,4:12,14.29,137.0,13,,"","",2017-11-10-182733.gpx
d6493025-02b2-4fc4-ab46-b0c45ed7e717,2017-11-09 07:51:33,Running,,2.12,11:27,5:24,11.10,135.0,12,,"","",2017-11-09-075133.gpx
60664301-cdb2-467b-9aa9-31a7f594c2d1,2017-11-08 22:27:02,Running,,2.59,11:03,4:16,14.05,123.0,11,,"","",2017-11-08-222702.gpx
6d72cd9b-d388-4cca-abe6-fc0e41607516,2017-11-07 13:45:00,Running,,1.90,9:00,4:44,12.67,142.0,0,,"","",
b366ea1f-575d-4f4a-ac1f-9f1b0e25de7d,2017-11-06 07:46:27,Running,,1.99,12:18,6:11,9.71,89.0,6,,"","",2017-11-06-074627.gpx
bc23e833-e027-4aba-8c64-5f0019b19e2d,2017-11-05 17:38:23,Running,,3.03,16:13,5:21,11.23,217.0,28,,"","",2017-11-05-173823.gpx
fdaf4fab-06d2-400d-ac59-64870eefd33c,2017-11-04 13:45:00,Running,,2.10,11:00,5:14,11.45,152.0,0,,"","",
e5912e3b-46ee-4167-b705-c211cf0680fc,2017-11-03 13:44:00,Running,,2.10,11:00,5:14,11.45,152.0,0,,"","",
70f6dd05-6a04-46c0-977d-5bc42cb45b93,2017-11-02 13:44:00,Running,,2.20,10:24,4:44,12.69,164.0,0,,"","",
23cc941c-9650-49ef-b3a5-bd3f7b5797c8,2017-11-01 08:34:16,Running,,2.97,16:10,5:27,11.02,184.0,24,,"","",2017-11-01-083416.gpx
01bedba2-f365-42a1-ab5a-fe3dbc1e88a0,2017-10-31 13:32:00,Running,,1.90,9:30,5:00,12.00,140.0,0,,"","",
1338c71d-4350-480d-9731-127dd68f46c8,2017-10-30 13:31:00,Running,,1.90,10:00,5:16,11.40,138.0,0,,"","",
cc89ff56-c6fb-435e-a5a6-2e6d4be8b12d,2017-10-29 21:45:39,Running,,1.93,9:20,4:50,12.39,105.0,12,,"","",2017-10-29-214539.gpx
ee207843-9762-4ec4-b76f-05f1412750b0,2017-10-28 17:42:56,Running,,4.04,21:47,5:23,11.14,278.0,42,,"","",2017-10-28-174256.gpx
660a1ede-3faa-4b04-a5ce-3fe40ed446f9,2017-10-27 19:47:46,Running,,5.63,26:09,4:38,12.93,289.0,50,,"","",2017-10-27-194746.gpx
d2c3c3e8-937a-4d36-a7ba-817f2b63c246,2017-10-26 07:31:20,Running,,3.17,16:27,5:11,11.58,164.0,16,,"","",2017-10-26-073120.gpx
e0257709-6d27-4aa6-bdf0-ca9c5aceb9f9,2017-10-25 13:30:00,Running,,1.90,10:00,5:16,11.40,138.0,0,,"","",
295846c7-eed1-43dd-8744-8457c8f6cec9,2017-10-24 19:16:31,Running,,3.08,16:45,5:26,11.04,224.0,34,,"","",2017-10-24-191631.gpx
34db4d93-45d5-4d80-8f1f-bef032ff6a8c,2017-10-23 07:10:19,Running,,1.64,10:49,6:37,9.08,116.0,13,,"","",2017-10-23-071019.gpx
610743a1-dc4f-4bf0-a302-719d52f9b194,2017-10-22 20:27:32,Running,,2.15,9:39,4:29,13.36,130.0,13,,"","",2017-10-22-202732.gpx
8529e33d-7d17-467e-9aa2-c71e0015e58e,2017-10-21 19:06:58,Running,,2.26,12:55,5:43,10.49,163.0,20,,"","",2017-10-21-190658.gpx
21e0c1c2-ca12-4d39-ba7a-7c46a77f1537,2017-10-20 16:32:35,Running,,3.06,17:42,5:47,10.38,225.0,34,,"","",2017-10-20-163235.gpx
c1482f59-8132-4bfe-b2a3-7650b481098d,2017-10-19 07:49:41,Running,,3.02,15:40,5:11,11.58,208.0,28,,"","",2017-10-19-074941.gpx
19eecead-870e-450f-b28b-f901a455de66,2017-10-18 07:59:46,Running,,1.65,9:13,5:35,10.73,116.0,12,,"","",2017-10-18-075946.gpx
af0a4088-54f3-4089-bf00-77665923d1c2,2017-10-17 07:24:50,Running,,3.19,15:57,5:00,12.02,225.0,31,,"","",2017-10-17-072450.gpx
9e7ae55f-5b13-4052-b873-fab2fdff469f,2017-10-16 07:55:36,Running,,1.89,8:52,4:42,12.77,122.0,10,,"","",2017-10-16-075536.gpx
ce5c091b-eed7-4587-9099-638de2602b9c,2017-10-15 12:14:41,Running,,3.78,15:47,4:11,14.36,219.0,27,,"","",2017-10-15-121441.gpx
7d201c23-07f9-49d5-9cf0-078d53d11d97,2017-10-14 16:36:02,Running,,6.17,8:51,1:26,41.86,153.0,42,,"","",2017-10-14-163602.gpx
56399f70-e5ae-4e51-84ed-4f3762ad6aeb,2017-10-13 07:59:49,Running,,1.50,9:21,6:14,9.62,104.0,10,,"","",2017-10-13-075949.gpx
6166bd75-efa6-4cf2-a7a6-eff300a46867,2017-10-12 18:42:38,Running,,3.07,16:29,5:22,11.18,221.0,31,,"","",2017-10-12-184238.gpx
cdd72c46-d813-4ee1-8f28-541733f305fb,2017-10-11 13:29:00,Running,,1.90,9:30,5:00,12.00,140.0,0,,"","",
50ad16bf-c51f-4a2e-b865-f77f75ab7e9b,2017-10-10 07:23:05,Running,,2.78,15:16,5:30,10.92,192.0,23,,"","",2017-10-10-072305.gpx
f3969d5c-648b-4831-92ad-4e90341d5ff8,2017-10-09 12:03:26,Running,,2.90,17:54,6:11,9.71,187.0,24,,"","",2017-10-09-120326.gpx
5f91165e-b75d-4d6f-a81d-cc813f95b229,2017-10-08 09:09:18,Running,,3.49,22:33,6:28,9.29,223.0,52,,"","",2017-10-08-090918.gpx
8f4fec82-8803-4131-838e-b481df629688,2017-10-07 10:20:43,Running,,5.22,28:18,5:25,11.07,325.0,41,,"","",2017-10-07-102043.gpx
33088b7c-8b72-4ddc-badd-4502006ae458,2017-10-06 07:53:38,Running,,2.89,16:44,5:47,10.38,193.0,33,,"","",2017-10-06-075338.gpx
640c940e-bc38-412b-9ce4-b42da9b3737b,2017-10-05 13:27:00,Running,,1.80,8:00,4:27,13.50,132.0,0,,"","",
86ecb023-f6e4-4502-9e39-614df0a71348,2017-10-04 07:49:12,Running,,5.28,16:30,3:08,19.19,218.0,41,,"","",2017-10-04-074912.gpx
e7e2954e-680c-4c97-9b98-588b7f86a1d5,2017-10-03 07:49:27,Running,,2.39,12:31,5:14,11.48,148.0,21,,"","",2017-10-03-074927.gpx
2fd5825e-9320-40c9-a2a1-b295bf7b4010,2017-10-02 07:59:33,Running,,1.89,39:07,20:39,2.90,146.0,14,,"","",2017-10-02-075933.gpx
4e716a85-6cda-427e-8486-11df1859cddd,2017-10-01 10:35:03,Running,,2.16,14:57,6:56,8.65,155.0,24,,"","",2017-10-01-103503.gpx
444ca8fe-8701-441a-90d5-a10b7c7a8338,2017-09-30 21:28:26,Running,,2.39,16:19,6:49,8.79,175.0,41,,"","",2017-09-30-212826.gpx
0d94c861-a07f-4104-abfd-91a88aeca482,2017-09-29 23:35:29,Running,,3.59,16:31,4:36,13.04,207.0,54,,"","",2017-09-29-233529.gpx
7f79d7ad-784c-477a-a0a0-5720ff01078e,2017-09-28 19:14:52,Running,,3.05,15:46,5:10,11.60,180.0,41,,"","",2017-09-28-191452.gpx
9d20a5ef-339b-4715-9670-cd8135ba7f24,2017-09-27 12:49:00,Running,,1.80,12:30,6:57,8.64,137.0,0,,"","",
b4250691-3b6a-43a8-8f43-aa755dab4c19,2017-09-26 00:56:00,Running,,3.15,17:30,5:33,10.80,230.0,0,,"","",
cb6e0c3b-6abd-4f67-8d69-a5b40dd8a209,2017-09-25 17:58:47,Running,,1.73,13:00,7:31,7.98,108.0,10,,"","",2017-09-25-175847.gpx
5249d3fd-96fa-4361-9027-eda3bce16622,2017-09-24 08:52:00,Running,,3.04,29:00,9:32,6.29,165.0,0,,"","",
dde60c60-09d7-4a74-96dc-706fd12b4aee,2017-09-23 19:55:21,Running,,2.60,20:07,7:44,7.75,172.0,21,,"","",2017-09-23-195521.gpx
8675f236-b28e-4b47-9466-15008d4271cd,2017-09-22 07:25:19,Running,,2.28,15:59,7:01,8.54,159.0,19,,"","",2017-09-22-072519.gpx
ce51df16-7a2c-4d64-bf63-59c54503b358,2017-09-21 07:43:14,Running,,2.39,19:39,8:13,7.30,171.0,28,,"","",2017-09-21-074314.gpx
55137dc4-b6a3-41f7-8c17-85b16b0e8fff,2017-09-20 07:35:32,Running,,4.77,28:27,5:58,10.06,337.0,48,,"","",2017-09-20-073532.gpx
01e41dc6-7847-49d6-bcab-1f7008d6bfaa,2017-09-19 08:10:44,Running,,3.09,16:22,5:18,11.33,202.0,29,,"","",2017-09-19-081044.gpx
beb84c1b-a6c1-44ee-a1d2-211c00fd8449,2017-09-18 07:44:49,Running,,2.06,11:02,5:22,11.20,123.0,9,,"","",2017-09-18-074449.gpx
06c61b7c-dc88-4bce-be9c-553263010e2c,2017-09-17 11:49:56,Running,,4.80,30:29,6:21,9.45,350.0,57,,"","",2017-09-17-114956.gpx
0774bad7-be33-46c8-9cbd-5e5c629904bd,2017-09-16 12:47:00,Running,,2.75,16:00,5:49,10.31,202.0,0,,"","",
3f5ce92b-b16a-4d6e-bc3e-a1272177997a,2017-09-15 07:41:05,Running,,2.05,12:33,6:08,9.79,146.0,13,,"","",2017-09-15-074105.gpx
f0371a21-73e1-4981-a054-942cbf1e9018,2017-09-14 11:41:37,Running,,5.04,28:58,5:45,10.43,359.0,44,,"","",2017-09-14-114137.gpx
4a2c2083-ff56-41b3-b4ec-f73cd074921c,2017-09-13 08:03:57,Running,,2.04,12:15,6:01,9.97,133.0,12,,"","",2017-09-13-080357.gpx
6fa2612e-5241-4413-8c42-3225203f158f,2017-09-12 07:00:48,Running,,2.17,15:00,6:55,8.67,153.0,13,,"","",2017-09-12-070048.gpx
